2018-08-15 15:40:31.262822,-9999.0,29.75,-9999.0,-9999.0,-9999.0,-9999.0,-9999.0,-9999.0,-9999.0,1458,10714,6.44
2018-08-15 15:41:02.001671,-9999.0,29.69,-9999.0,-9999.0,-9999.0,-9999.0,-9999.0,-9999.0,-9999.0,1466,10781,6.48
2018-08-15 15:42:01.677956,-9999.0,29.44,-9999.0,-9999.0,-9999.0,-9999.0,-9999.0,-9999.0,-9999.0,1475,10885,6.53
2018-08-15 15:43:02.301378,-9999.0,29.5,-9999.0,-9999.0,-9999.0,-9999.0,-9999.0,-9999.0,-9999.0,1465,10776,6.47
2018-08-15 15:44:01.952856,-9999.0,29.94,-9999.0,-9999.0,-9999.0,-9999.0,-9999.0,-9999.0,-9999.0,1472,10831,6.51
2018-08-15 15:45:01.574117,-9999.0,29.94,-9999.0,-9999.0,-9999.0,-9999.0,-9999.0,-9999.0,-9999.0,1566,12229,7.01
2018-08-15 15:46:02.238660,-9999.0,29.81,-9999.0,-9999.0,-9999.0,-9999.0,-9999.0,-9999.0,-9999.0,1208,8582,5.1
2018-08-15 15:47:01.862671,-9999.0,30.12,-9999.0,-9999.0,-9999.0,-9999.0,-9999.0,-9999.0,-9999.0,1441,10735,6.34
2018-08-15 15:48:01.523423,-9999.0,30.12,-9999.0,-9999.0,-9999.0,-9999.0,-9999.0,-9999.0,-9999.0,858,6728,3.22
2018-08-15 15:49:02.159596,-9999.0,30.12,-9999.0,-9999.0,-9999.0,-9999.0,-9999.0,-9999.0,-9999.0,665,3999,2.19
2018-08-15 15:50:01.822718,-9999.0,30.31,-9999.0,-9999.0,-9999.0,-9999.0,-9999.0,-9999.0,-9999.0,1407,10537,6.16
2018-08-15 15:51:01.614566,-9999.0,30.25,-9999.0,-9999.0,-9999.0,-9999.0,-9999.0,-9999.0,-9999.0,955,7017,3.74
2018-08-15 15:52:02.242106,-9999.0,30.81,-9999.0,-9999.0,-9999.0,-9999.0,-9999.0,-9999.0,-9999.0,1043,8042,4.21
2018-08-15 15:53:01.901769,-9999.0,31.0,-9999.0,-9999.0,-9999.0,-9999.0,-9999.0,-9999.0,-9999.0,1309,9684,5.64
2018-08-15 15:54:01.524968,-9999.0,31.19,-9999.0,-9999.0,-9999.0,-9999.0,-9999.0,-9999.0,-9999.0,1035,6846,4.17
2018-08-15 15:55:02.187228,-9999.0,30.94,-9999.0,-9999.0,-9999.0,-9999.0,-9999.0,-9999.0,-9999.0,812,5302,2.97
2018-08-15 15:56:01.818352,-9999.0,30.69,-9999.0,-9999.0,-9999.0,-9999.0,-9999.0,-9999.0,-9999.0,319,1297,0.33
2018-08-15 15:57:01.483645,-9999.0,30.69,-9999.0,-9999.0,-9999.0,-9999.0,-9999.0,-9999.0,-9999.0,437,1859,0.96
2018-08-15 15:58:02.147696,-9999.0,30.31,-9999.0,-9999.0,-9999.0,-9999.0,-9999.0,-9999.0,-9999.0,964,6269,3.79
2018-08-15 15:59:01.784183,-9999.0,30.5,-9999.0,-9999.0,-9999.0,-9999.0,-9999.0,-9999.0,-9999.0,961,6252,3.77
2018-08-15 16:00:01.449898,-9999.0,31.06,-9999.0,-9999.0,-9999.0,-9999.0,-9999.0,-9999.0,-9999.0,965,6305,3.79
2018-08-15 16:01:02.156824,-9999.0,31.5,-9999.0,-9999.0,-9999.0,-9999.0,-9999.0,-9999.0,-9999.0,949,6138,3.71
2018-08-15 16:02:01.781712,-9999.0,31.88,-9999.0,-9999.0,-9999.0,-9999.0,-9999.0,-9999.0,-9999.0,916,5865,3.53
2018-08-15 16:03:01.413937,-9999.0,32.19,-9999.0,-9999.0,-9999.0,-9999.0,-9999.0,-9999.0,-9999.0,938,6016,3.65
2018-08-15 16:04:02.056474,-9999.0,32.5,-9999.0,-9999.0,-9999.0,-9999.0,-9999.0,-9999.0,-9999.0,1507,11581,6.7
2018-08-15 16:05:01.680193,-9999.0,32.69,-9999.0,-9999.0,-9999.0,-9999.0,-9999.0,-9999.0,-9999.0,1019,6545,4.08
2018-08-15 16:06:02.336463,-9999.0,32.88,-9999.0,-9999.0,-9999.0,-9999.0,-9999.0,-9999.0,-9999.0,942,5781,3.67
2018-08-15 16:07:01.989788,-9999.0,33.0,-9999.0,-9999.0,-9999.0,-9999.0,-9999.0,-9999.0,-9999.0,925,5598,3.58
2018-08-15 16:08:01.642044,-9999.0,33.12,-9999.0,-9999.0,-9999.0,-9999.0,-9999.0,-9999.0,-9999.0,1588,12236,7.13
2018-08-15 16:09:02.306658,-9999.0,33.25,-9999.0,-9999.0,-9999.0,-9999.0,-9999.0,-9999.0,-9999.0,1582,12121,7.1
2018-08-15 16:10:01.964171,-9999.0,33.38,-9999.0,-9999.0,-9999.0,-9999.0,-9999.0,-9999.0,-9999.0,955,5785,3.74
2018-08-15 16:11:01.523238,-9999.0,33.56,-9999.0,-9999.0,-9999.0,-9999.0,-9999.0,-9999.0,-9999.0,955,5805,3.74
2018-08-15 16:12:02.185506,-9999.0,33.69,-9999.0,-9999.0,-9999.0,-9999.0,-9999.0,-9999.0,-9999.0,923,5545,3.57
2018-08-15 16:13:01.825277,-9999.0,33.81,-9999.0,-9999.0,-9999.0,-9999.0,-9999.0,-9999.0,-9999.0,1148,7744,4.77
2018-08-15 16:14:01.490543,-9999.0,33.88,-9999.0,-9999.0,-9999.0,-9999.0,-9999.0,-9999.0,-9999.0,1064,6934,4.32
2018-08-15 16:15:02.107416,-9999.0,34.0,-9999.0,-9999.0,-9999.0,-9999.0,-9999.0,-9999.0,-9999.0,941,5762,3.67
2018-08-15 16:16:01.766924,-9999.0,34.06,-9999.0,-9999.0,-9999.0,-9999.0,-9999.0,-9999.0,-9999.0,1094,7243,4.48
2018-08-15 16:17:01.401636,-9999.0,34.12,-9999.0,-9999.0,-9999.0,-9999.0,-9999.0,-9999.0,-9999.0,-9999.0,-9999.0,-9999.0
2018-08-15 16:18:01.987206,-9999.0,34.19,-9999.0,-9999.0,-9999.0,-9999.0,-9999.0,-9999.0,-9999.0,-9999.0,-9999.0,-9999.0
2018-08-15 16:19:01.587604,-9999.0,34.25,-9999.0,-9999.0,-9999.0,-9999.0,-9999.0,-9999.0,-9999.0,-9999.0,-9999.0,-9999.0
2018-08-15 16:20:02.202375,-9999.0,34.31,-9999.0,-9999.0,-9999.0,-9999.0,-9999.0,-9999.0,-9999.0,-9999.0,-9999.0,-9999.0
2018-08-15 16:21:01.661819,-9999.0,34.31,-9999.0,-9999.0,-9999.0,-9999.0,-9999.0,-9999.0,-9999.0,-9999.0,-9999.0,-9999.0
2018-08-15 16:22:02.254534,-9999.0,34.38,-9999.0,-9999.0,-9999.0,-9999.0,-9999.0,-9999.0,-9999.0,-9999.0,-9999.0,-9999.0
2018-08-15 16:23:01.846455,-9999.0,34.38,-9999.0,-9999.0,-9999.0,-9999.0,-9999.0,-9999.0,-9999.0,-9999.0,-9999.0,-9999.0
2018-08-15 16:24:01.439354,-9999.0,34.38,-9999.0,-9999.0,-9999.0,-9999.0,-9999.0,-9999.0,-9999.0,-9999.0,-9999.0,-9999.0
2018-08-15 16:25:02.039775,-9999.0,34.44,-9999.0,-9999.0,-9999.0,-9999.0,-9999.0,-9999.0,-9999.0,-9999.0,-9999.0,-9999.0
2018-08-15 16:26:01.630160,-9999.0,34.44,-9999.0,-9999.0,-9999.0,-9999.0,-9999.0,-9999.0,-9999.0,-9999.0,-9999.0,-9999.0
2018-08-15 16:27:02.231828,-9999.0,34.44,-9999.0,-9999.0,-9999.0,-9999.0,-9999.0,-9999.0,-9999.0,-9999.0,-9999.0,-9999.0
2018-08-15 16:28:01.822829,-9999.0,34.5,-9999.0,-9999.0,-9999.0,-9999.0,-9999.0,-9999.0,-9999.0,-9999.0,-9999.0,-9999.0
2018-08-15 16:29:01.412558,-9999.0,34.56,-9999.0,-9999.0,-9999.0,-9999.0,-9999.0,-9999.0,-9999.0,-9999.0,-9999.0,-9999.0
2018-08-15 16:30:02.044604,-9999.0,34.56,-9999.0,-9999.0,-9999.0,-9999.0,-9999.0,-9999.0,-9999.0,-9999.0,-9999.0,-9999.0
2018-08-15 16:31:01.721284,-9999.0,34.69,-9999.0,-9999.0,-9999.0,-9999.0,-9999.0,-9999.0,-9999.0,-9999.0,-9999.0,-9999.0
2018-08-15 16:32:02.317494,-9999.0,34.69,-9999.0,-9999.0,-9999.0,-9999.0,-9999.0,-9999.0,-9999.0,-9999.0,-9999.0,-9999.0
2018-08-15 16:33:01.928956,-9999.0,34.75,-9999.0,-9999.0,-9999.0,-9999.0,-9999.0,-9999.0,-9999.0,-9999.0,-9999.0,-9999.0
2018-08-15 16:34:01.506544,-9999.0,34.75,-9999.0,-9999.0,-9999.0,-9999.0,-9999.0,-9999.0,-9999.0,-9999.0,-9999.0,-9999.0
2018-08-15 16:35:02.105976,-9999.0,34.88,-9999.0,-9999.0,-9999.0,-9999.0,-9999.0,-9999.0,-9999.0,1431,10284,6.29
2018-08-15 16:36:01.684135,-9999.0,34.88,-9999.0,-9999.0,-9999.0,-9999.0,-9999.0,-9999.0,-9999.0,877,4956,3.32
2018-08-15 16:37:02.368126,-9999.0,35.0,-9999.0,-9999.0,-9999.0,-9999.0,-9999.0,-9999.0,-9999.0,1040,6425,4.2
2018-08-15 16:38:01.991295,-9999.0,35.06,-9999.0,-9999.0,-9999.0,-9999.0,-9999.0,-9999.0,-9999.0,1594,12206,7.16
2018-08-15 16:39:01.649201,-9999.0,35.06,-9999.0,-9999.0,-9999.0,-9999.0,-9999.0,-9999.0,-9999.0,1162,7627,4.85
2018-08-15 16:40:02.319276,31.44,35.12,31.63,22.12,57.0,25.87,58471.25,4403.6,58471.25,1083,6817,4.43
2018-08-15 16:41:01.854601,30.94,35.12,30.95,22.36,60.91,33.29,95883.61,463.2,95883.61,1454,10445,6.41
2018-08-15 16:42:02.261784,31.12,35.12,31.02,22.11,60.42,33.43,95898.86,461.87,95898.86,1635,12375,7.38
2018-08-15 16:43:01.650968,31.0,35.19,30.92,22.61,61.54,33.28,95868.54,464.51,95868.54,1216,7969,5.14
2018-08-15 16:44:02.052961,30.62,35.19,30.53,21.85,59.55,32.69,95889.62,462.68,95889.62,1489,10773,6.6
2018-08-15 16:45:01.452559,31.06,35.31,30.86,22.7,61.69,33.24,95894.75,462.23,95894.75,1668,12648,7.56
2018-08-15 16:46:01.854602,30.31,35.38,30.13,22.6,63.98,31.9,95847.62,466.34,95847.62,911,5163,3.5
2018-08-15 16:47:02.257851,29.81,35.5,29.66,21.74,62.84,31.5,95892.59,462.42,95892.59,1635,12370,7.38
2018-08-15 16:48:01.706214,30.5,35.56,30.26,22.25,62.5,32.07,95873.24,464.1,95873.24,1175,7635,4.92
2018-08-15 16:49:02.131908,30.19,35.62,30.06,21.2,58.61,32.22,95891.34,462.53,95891.34,1612,11987,7.26
2018-08-15 16:50:01.552028,30.31,35.69,30.31,21.68,58.87,32.41,95888.07,462.81,95888.07,1611,11925,7.25
2018-08-15 16:51:02.100406,30.38,35.81,30.34,21.83,60.24,32.5,95891.93,462.55,95891.14,1603,11827,7.21
2018-08-15 16:52:01.523951,30.31,35.81,30.13,23.07,65.46,32.19,95897.12,462.03,95897.12,1617,11949,7.29
2018-08-15 16:53:01.910379,30.25,35.94,30.07,21.18,58.82,32.05,95893.89,462.31,95893.89,1644,12214,7.43
2018-08-15 16:54:02.299281,30.69,36.06,30.37,22.72,63.88,32.3,95894.25,462.28,95894.25,1683,12602,7.64
2018-08-15 16:55:01.697577,30.31,36.12,30.19,22.36,62.6,32.34,95892.32,462.44,95892.32,1663,12445,7.53
2018-08-15 16:56:02.098994,30.62,36.25,30.5,22.25,61.67,32.59,95899.16,461.85,95899.16,1769,13419,8.1
2018-08-15 16:57:01.494324,31.06,36.31,31.0,22.61,60.94,33.12,95896.86,462.05,95896.86,1845,14186,8.51
2018-08-15 16:58:01.886517,31.12,36.38,30.94,23.73,65.04,33.03,95900.72,461.71,95900.72,1871,14544,8.65
2018-08-15 16:59:02.293707,30.56,36.5,30.4,22.73,63.34,32.17,95906.87,461.18,95906.87,1914,15060,8.88
2018-08-15 17:00:01.706471,30.62,36.62,30.44,23.22,65.5,32.16,95859.23,465.32,95859.23,1039,6626,4.19
2018-08-15 17:01:02.183036,30.94,36.75,30.68,21.5,58.11,32.51,95884.87,463.09,95884.87,1606,12064,7.23
2018-08-15 17:02:01.566237,31.06,36.81,30.83,23.54,64.81,32.81,95907.01,461.16,95907.01,1935,15259,8.99
2018-08-15 17:03:01.960875,30.75,36.88,30.51,22.26,61.8,33.0,95900.66,461.72,95900.66,1898,15010,8.79
2018-08-15 17:04:02.362593,29.69,37.06,29.43,22.03,64.74,31.48,95876.56,463.82,95876.56,1376,9902,6.0
2018-08-15 17:05:01.743770,29.06,37.06,28.91,22.19,66.75,30.58,95847.51,466.41,95846.72,823,4657,3.03
2018-08-15 17:06:02.145412,29.06,37.12,28.91,22.41,68.04,30.39,95847.16,466.38,95847.16,770,4053,2.75
2018-08-15 17:07:01.533586,29.25,37.06,29.09,22.5,67.32,30.59,95886.04,462.99,95883.79,1453,10433,6.41
2018-08-15 17:08:01.935802,30.38,37.0,30.24,22.47,63.33,31.63,95892.81,462.47,95892.02,1677,12630,7.61
2018-08-15 17:09:02.324722,30.81,37.0,30.56,21.91,60.02,32.13,95891.91,462.48,95891.91,1716,12825,7.82
2018-08-15 17:10:01.762811,30.5,36.88,30.27,22.37,63.41,32.11,95886.78,462.93,95886.78,1712,12750,7.8
2018-08-15 17:11:02.311026,30.38,36.88,30.08,22.57,63.56,32.16,95885.83,463.01,95882.04,1718,12799,7.83
2018-08-15 17:12:01.708721,30.25,36.94,30.01,22.44,64.14,32.04,95884.85,463.09,95884.85,1702,12695,7.74
2018-08-15 17:13:02.107138,30.38,37.0,30.15,23.03,65.46,32.23,95885.04,463.08,95885.04,1752,13146,8.01
2018-08-15 17:14:01.504427,30.88,37.0,30.61,22.51,62.66,32.63,95893.27,462.36,95893.27,1835,13967,8.45
2018-08-15 17:15:01.932958,30.94,37.06,30.69,22.59,62.75,32.63,95895.96,462.13,95895.96,1885,14592,8.72
2018-08-15 17:16:02.315066,31.06,37.12,30.71,22.3,61.13,33.05,95879.14,463.76,95877.18,1645,12287,7.44
2018-08-15 17:17:01.697456,31.44,37.25,31.06,22.22,59.64,33.65,95892.05,462.47,95891.61,1808,14245,8.31
2018-08-15 17:18:02.094821,30.75,37.44,30.49,22.76,64.03,31.98,95838.49,467.13,95838.49,797,4473,2.89
2018-08-15 17:19:01.502062,29.56,37.5,29.42,21.81,63.4,30.5,95831.93,467.7,95831.93,730,3876,2.53
2018-08-15 17:20:01.910575,29.19,37.5,29.04,22.57,68.49,30.21,95837.74,467.27,95836.91,724,3786,2.5
2018-08-15 17:21:01.867142,28.94,37.5,28.77,22.45,68.47,30.02,95839.93,467.01,95839.93,728,3749,2.52
2018-08-15 17:22:02.265155,28.88,37.44,28.76,21.92,66.63,29.85,95841.18,466.9,95841.18,752,3882,2.65
2018-08-15 17:23:01.672942,28.81,37.31,28.64,22.22,68.26,29.8,95847.46,466.35,95847.46,832,4528,3.08
2018-08-15 17:24:02.064141,29.69,37.12,29.57,22.43,64.51,31.04,95893.99,462.3,95893.99,1827,14260,8.41
2018-08-15 17:25:01.445176,30.69,37.0,30.5,23.89,68.07,32.09,95895.13,462.2,95895.13,1738,13282,7.94
2018-08-15 17:26:01.847380,30.31,36.94,30.2,22.52,63.63,32.21,95874.07,464.03,95874.07,1433,10121,6.3
2018-08-15 17:27:02.254590,30.56,36.88,30.32,22.97,64.18,32.22,95900.2,461.76,95900.2,1887,14730,8.73
2018-08-15 17:28:01.653700,30.25,36.94,30.16,22.12,62.37,32.27,95909.69,460.93,95909.69,2010,15971,9.39
2018-08-15 17:29:02.042535,30.38,37.0,30.24,21.67,60.21,32.12,95888.87,462.74,95888.87,1536,11109,6.85
2018-08-15 17:30:01.450050,30.25,37.0,30.11,22.58,64.05,32.09,95913.28,460.62,95913.28,2091,16877,9.83
2018-08-15 17:31:02.118254,30.62,37.12,30.39,22.48,62.58,32.55,95890.53,462.61,95890.37,1595,11829,7.17
2018-08-15 17:32:01.513218,30.94,37.06,30.72,23.08,63.35,32.49,95862.66,465.03,95862.66,1112,7351,4.58
2018-08-15 17:33:01.901663,30.56,37.19,30.27,21.99,61.29,32.06,95857.56,465.47,95857.56,1116,7498,4.6
2018-08-15 17:34:02.291039,30.0,37.25,29.75,21.63,61.38,31.49,95858.59,465.38,95858.59,1079,7266,4.4
2018-08-15 17:35:01.703636,29.75,37.25,29.54,22.59,66.36,31.24,95856.9,465.53,95856.9,1056,7127,4.28
2018-08-15 17:36:02.096784,29.69,37.31,29.51,23.04,67.89,30.98,95856.04,465.6,95856.04,981,6465,3.88
2018-08-15 17:37:01.487636,29.5,37.19,29.37,22.6,66.84,30.86,95852.99,465.87,95852.99,926,5996,3.58
2018-08-15 17:38:01.880995,29.25,37.19,29.04,22.01,65.9,30.43,95853.44,465.83,95853.44,968,6352,3.81
2018-08-15 17:39:02.284467,29.56,37.12,29.34,22.06,64.96,30.84,95852.29,465.93,95852.29,-9999.0,-9999.0,-9999.0
2018-08-15 17:40:01.675342,30.06,37.06,29.82,22.1,63.14,31.24,95853.59,465.82,95853.59,-9999.0,-9999.0,-9999.0
2018-08-15 17:41:01.441267,30.25,37.0,29.92,23.3,67.83,31.22,95856.99,465.52,95855.73,-9999.0,-9999.0,-9999.0
2018-08-15 17:42:01.775805,30.25,36.94,30.03,22.5,64.52,31.3,95858.5,465.39,95858.5,-9999.0,-9999.0,-9999.0
2018-08-15 17:43:02.139121,30.25,36.94,30.11,22.54,64.0,31.33,95904.22,461.41,95905.17,-9999.0,-9999.0,-9999.0
2018-08-15 17:44:01.521226,30.44,36.94,30.26,22.4,62.73,31.34,95862.24,465.06,95862.24,-9999.0,-9999.0,-9999.0
2018-08-15 17:45:01.856147,30.44,36.94,30.22,23.45,67.29,31.27,95864.4,464.87,95864.4,-9999.0,-9999.0,-9999.0
2018-08-15 17:46:02.221960,30.5,36.94,30.31,22.41,62.82,31.35,95864.49,464.94,95863.66,-9999.0,-9999.0,-9999.0
2018-08-15 17:47:01.611817,29.81,36.94,29.72,21.9,62.82,30.77,95859.35,465.31,95859.35,-9999.0,-9999.0,-9999.0
2018-08-15 17:48:01.988601,29.94,37.0,29.74,23.26,67.78,30.73,95862.36,465.05,95860.94,-9999.0,-9999.0,-9999.0
2018-08-15 17:49:02.371785,29.88,37.0,29.66,22.39,64.71,30.89,95862.89,464.99,95863.04,-9999.0,-9999.0,-9999.0
2018-08-15 17:50:01.732632,29.94,37.0,29.77,22.62,65.73,31.12,95858.25,465.41,95858.25,-9999.0,-9999.0,-9999.0
2018-08-15 17:51:02.371691,30.12,36.94,29.94,22.58,64.53,31.08,95859.88,465.27,95859.88,-9999.0,-9999.0,-9999.0
2018-08-15 17:52:01.748418,30.0,36.94,29.83,22.2,63.98,31.03,95857.68,465.46,95857.68,-9999.0,-9999.0,-9999.0
2018-08-15 17:53:02.125232,29.75,36.94,29.62,22.39,65.14,30.73,95850.84,466.06,95850.84,-9999.0,-9999.0,-9999.0
2018-08-15 17:54:01.488790,29.69,36.94,29.54,22.66,66.5,30.44,95857.61,465.47,95857.61,-9999.0,-9999.0,-9999.0
2018-08-15 17:55:01.863418,29.75,36.88,29.59,22.3,64.56,30.57,95857.91,465.45,95857.79,-9999.0,-9999.0,-9999.0
2018-08-15 17:56:02.248104,29.5,36.81,29.38,22.32,65.63,30.41,95857.65,465.47,95857.54,-9999.0,-9999.0,-9999.0
2018-08-15 17:57:01.643378,29.62,36.81,29.49,22.47,65.85,30.5,95857.96,465.44,95857.96,-9999.0,-9999.0,-9999.0
2018-08-15 17:58:02.016601,29.75,36.75,29.64,22.49,65.5,30.6,95855.46,465.65,95855.46,-9999.0,-9999.0,-9999.0
2018-08-15 17:59:02.389234,29.94,36.75,29.76,22.53,65.43,30.75,95860.54,465.21,95860.54,-9999.0,-9999.0,-9999.0
2018-08-15 18:00:01.755889,29.75,36.75,29.61,22.04,63.71,30.44,95861.36,465.14,95861.36,-9999.0,-9999.0,-9999.0
2018-08-15 18:01:01.686915,29.75,36.69,29.56,22.32,64.99,30.35,95864.39,464.87,95864.24,-9999.0,-9999.0,-9999.0
2018-08-15 18:02:02.072095,29.56,36.69,29.47,22.27,65.0,30.31,95863.92,464.92,95863.92,-9999.0,-9999.0,-9999.0
2018-08-15 18:03:01.456750,29.94,36.69,29.77,22.21,63.69,30.66,95869.23,464.45,95869.23,-9999.0,-9999.0,-9999.0
2018-08-15 18:04:01.870282,30.25,36.56,30.13,22.64,64.01,30.99,95868.2,464.54,95868.2,-9999.0,-9999.0,-9999.0
2018-08-15 18:05:02.253599,29.94,36.56,29.83,21.72,61.71,30.63,95873.85,464.05,95873.85,-9999.0,-9999.0,-9999.0
2018-08-15 18:06:01.598135,30.44,36.56,30.18,22.16,62.05,30.98,95872.84,464.14,95872.84,-9999.0,-9999.0,-9999.0
2018-08-15 18:07:01.954917,30.12,36.5,29.86,22.06,62.7,30.74,95864.45,464.87,95864.45,-9999.0,-9999.0,-9999.0
2018-08-15 18:08:02.344482,30.06,36.5,29.81,22.99,66.94,30.7,95866.7,464.67,95866.7,-9999.0,-9999.0,-9999.0
2018-08-15 18:09:01.725587,30.31,36.44,29.97,21.72,61.26,30.82,95862.35,465.05,95861.55,-9999.0,-9999.0,-9999.0
2018-08-15 18:10:02.094969,30.38,36.44,30.12,22.84,64.77,30.94,95865.09,464.81,95865.09,-9999.0,-9999.0,-9999.0
2018-08-15 18:11:01.859533,29.69,36.44,29.49,22.33,65.4,30.53,95869.59,464.42,95869.59,-9999.0,-9999.0,-9999.0
2018-08-15 18:12:02.226110,29.81,36.44,29.6,22.65,65.98,30.59,95872.31,464.33,95870.69,-9999.0,-9999.0,-9999.0
2018-08-15 18:13:01.605294,29.88,36.38,29.72,22.14,63.56,30.53,95872.11,464.2,95872.11,-9999.0,-9999.0,-9999.0
2018-08-15 18:14:01.935083,30.06,36.38,29.86,23.05,66.76,30.91,95872.24,464.19,95872.24,-9999.0,-9999.0,-9999.0
2018-08-15 18:15:02.313282,30.12,36.38,29.86,22.37,64.37,31.1,95899.89,461.92,95898.31,-9999.0,-9999.0,-9999.0
2018-08-15 18:16:01.698615,30.0,36.38,29.77,22.07,62.95,31.01,95884.12,463.16,95884.12,-9999.0,-9999.0,-9999.0
2018-08-15 18:17:02.040570,30.38,36.44,30.24,22.53,63.95,31.25,95891.96,462.47,95891.96,-9999.0,-9999.0,-9999.0
2018-08-15 18:18:02.396423,30.56,36.5,30.46,23.43,66.21,31.35,95878.2,463.67,95878.2,-9999.0,-9999.0,-9999.0
2018-08-15 18:19:01.777599,30.88,36.5,30.74,23.12,63.92,31.75,95876.59,463.81,95876.59,-9999.0,-9999.0,-9999.0
2018-08-15 18:20:02.143476,30.94,36.62,30.76,22.47,61.35,31.74,95870.39,464.35,95870.39,-9999.0,-9999.0,-9999.0
2018-08-15 18:21:01.878542,31.06,36.69,30.82,22.28,60.12,31.92,95877.85,463.7,95877.85,-9999.0,-9999.0,-9999.0
2018-08-15 18:22:02.274845,31.19,36.81,30.98,23.0,62.47,32.06,95868.94,464.48,95868.94,-9999.0,-9999.0,-9999.0
2018-08-15 18:23:01.667448,31.25,36.88,30.94,23.51,64.95,31.98,95871.69,463.96,95874.91,-9999.0,-9999.0,-9999.0
2018-08-15 18:24:02.052112,31.25,37.0,30.87,23.11,62.86,32.24,95861.67,465.11,95861.67,-9999.0,-9999.0,-9999.0
2018-08-15 18:25:01.394087,30.94,37.06,30.68,23.04,64.4,31.96,95867.07,464.64,95867.07,-9999.0,-9999.0,-9999.0
2018-08-15 18:26:01.832982,30.38,37.12,30.1,22.99,65.5,31.48,95860.13,465.25,95860.13,-9999.0,-9999.0,-9999.0
2018-08-15 18:27:02.205712,29.88,37.12,29.59,21.87,62.79,31.12,95857.46,465.48,95857.46,-9999.0,-9999.0,-9999.0
2018-08-15 18:28:01.508144,29.94,37.19,29.7,22.91,66.84,31.16,95858.71,465.37,95858.71,-9999.0,-9999.0,-9999.0
2018-08-15 18:29:01.824725,30.0,37.19,29.75,22.82,66.33,31.15,95857.41,465.48,95857.41,-9999.0,-9999.0,-9999.0
2018-08-15 18:30:02.241627,30.0,37.19,29.86,21.62,61.33,30.88,95858.11,465.49,95857.32,-9999.0,-9999.0,-9999.0
2018-08-15 18:31:02.214609,29.94,37.19,29.83,21.88,62.42,30.83,95858.43,465.39,95858.43,-9999.0,-9999.0,-9999.0
2018-08-15 18:32:01.588069,29.88,37.12,29.68,21.96,63.14,30.75,95862.75,465.02,95862.75,-9999.0,-9999.0,-9999.0
2018-08-15 18:33:02.047043,30.06,37.12,29.87,22.98,66.43,31.06,95861.38,465.14,95861.38,-9999.0,-9999.0,-9999.0
2018-08-15 18:34:02.404262,30.31,37.06,30.16,21.59,60.1,31.29,95867.63,464.59,95867.63,-9999.0,-9999.0,-9999.0
2018-08-15 18:35:01.778908,30.81,37.06,30.64,22.11,60.76,31.81,95874.7,463.98,95874.7,-9999.0,-9999.0,-9999.0
2018-08-15 18:36:02.176238,31.06,37.12,30.84,23.0,63.13,32.05,95875.55,463.9,95875.55,-9999.0,-9999.0,-9999.0
2018-08-15 18:37:01.569522,31.06,37.19,30.92,22.69,61.55,32.1,95883.74,463.19,95881.37,-9999.0,-9999.0,-9999.0
2018-08-15 18:38:01.956545,31.25,37.19,30.91,21.89,58.86,32.46,95864.3,464.88,95864.3,-9999.0,-9999.0,-9999.0
2018-08-15 18:39:02.360167,31.19,37.31,30.86,21.69,58.15,32.37,95892.86,462.4,95891.75,-9999.0,-9999.0,-9999.0
2018-08-15 18:40:01.770031,31.62,37.44,31.14,21.62,56.91,32.67,95892.88,462.39,95892.88,-9999.0,-9999.0,-9999.0
2018-08-15 18:41:02.256782,31.5,37.56,31.15,22.38,59.8,-9999.0,-9999.0,-9999.0,-9999.0,-9999.0,-9999.0,-9999.0
2018-08-15 18:42:01.638024,31.75,37.75,31.14,21.62,57.04,32.36,95880.17,463.5,95880.17,-9999.0,-9999.0,-9999.0
2018-08-15 18:43:01.997378,32.38,37.88,31.69,23.72,62.32,32.82,95875.38,463.92,95875.38,-9999.0,-9999.0,-9999.0
2018-08-15 18:44:02.379724,31.56,38.06,31.19,21.52,56.5,32.31,95874.06,464.03,95874.06,-9999.0,-9999.0,-9999.0
2018-08-15 18:45:01.792002,32.25,38.19,31.85,23.84,62.93,32.98,95868.62,464.51,95868.62,1919,14487,0.0
2018-08-15 18:46:02.022789,32.0,38.44,31.56,22.47,58.9,32.63,95874.57,464.36,95870.32,1919,14487,0.0
2018-08-15 18:47:25.544847,32.38,38.62,31.75,22.09,56.74,32.98,95865.93,464.74,95865.93,1919,14487,0.0
2018-08-15 18:48:01.978282,32.31,38.69,31.8,22.67,58.84,33.0,95866.77,464.67,95866.77,1919,14487,0.0
2018-08-15 18:49:02.396538,32.0,38.88,31.61,22.76,60.12,32.64,95863.67,464.94,95863.67,1919,14487,0.0
2018-08-15 18:50:01.877251,31.75,39.0,31.22,22.44,59.38,32.27,95868.25,464.54,95868.25,1919,14487,0.0
2018-08-15 18:51:01.618511,32.06,39.12,31.61,22.84,59.43,32.74,95863.94,464.91,95863.94,1919,14487,0.0
2018-08-15 18:52:02.017631,31.25,39.25,30.79,22.4,60.57,32.42,95865.8,464.75,95865.8,1919,14487,0.0
2018-08-15 18:53:01.450889,31.19,39.38,30.82,22.19,59.9,32.57,95868.43,464.74,95865.9,1919,14487,0.0
2018-08-15 18:54:01.893186,31.5,39.5,31.12,23.16,62.21,32.77,95869.69,464.47,95868.27,1919,14487,0.0
2018-08-15 18:55:02.378255,32.25,39.56,31.78,22.88,59.35,33.26,95875.16,463.94,95875.48,1919,14487,0.0
2018-08-15 18:56:01.847959,32.94,39.69,32.58,23.43,59.54,33.76,95868.81,464.49,95868.81,1919,14487,0.0
2018-08-15 18:57:02.292162,32.25,39.81,31.93,22.21,56.81,33.09,95871.3,464.27,95871.3,1919,14487,0.0
2018-08-15 18:58:01.762225,32.25,39.88,31.93,22.08,56.53,32.99,95866.75,464.67,95866.75,1919,14487,0.0
2018-08-15 18:59:02.211814,32.31,39.94,31.75,21.59,54.84,32.98,95867.98,464.56,95867.98,1919,14487,0.0
2018-08-15 19:00:01.653882,32.81,40.06,32.09,21.97,54.92,33.29,95864.63,464.85,95864.63,1919,14487,0.0
2018-08-15 19:01:02.058561,33.25,40.19,32.4,22.02,54.39,33.64,95863.34,464.97,95863.34,1919,14487,0.0
2018-08-15 19:02:01.535840,34.25,40.31,33.07,23.0,55.3,34.36,95861.92,465.09,95860.02,1919,14487,0.0
2018-08-15 19:03:01.964000,34.31,40.44,33.36,22.47,52.78,34.78,95855.7,465.72,95854.75,1919,14487,0.0
2018-08-15 19:04:02.439677,33.19,40.62,32.4,22.05,54.71,34.13,95858.96,465.35,95858.96,1919,14487,0.0
2018-08-15 19:05:01.886454,32.38,40.75,31.81,23.0,59.9,33.75,95864.98,464.82,95864.98,1919,14487,0.0
2018-08-15 19:06:02.285699,32.75,40.88,32.26,23.49,60.11,34.03,95862.06,465.08,95862.06,1919,14487,0.0
2018-08-15 19:07:01.743233,31.56,41.0,31.1,21.41,56.31,33.21,95858.11,465.42,95858.11,1919,14487,0.0
2018-08-15 19:08:02.195941,32.0,41.12,31.63,24.0,64.14,33.53,95863.09,464.99,95863.09,1919,14487,0.0
2018-08-15 19:09:01.644688,32.12,41.19,31.74,22.96,58.94,33.88,95865.91,464.74,95865.91,1919,14487,0.0
2018-08-15 19:10:02.172320,31.5,41.19,31.14,21.59,56.87,32.84,95853.71,465.8,95853.71,-9999.0,-9999.0,-9999.0
2018-08-15 19:11:01.987787,31.12,41.19,30.86,22.14,59.32,32.57,95823.46,468.44,95823.46,-9999.0,-9999.0,-9999.0
2018-08-15 19:12:02.347891,31.12,41.19,30.74,21.73,58.61,32.68,95836.41,467.31,95836.41,-9999.0,-9999.0,-9999.0
2018-08-15 19:13:01.725115,31.94,41.12,31.5,22.48,58.84,33.4,95858.05,465.43,95858.05,-9999.0,-9999.0,-9999.0
2018-08-15 19:14:02.125989,32.31,41.06,31.86,22.13,56.58,33.66,95860.85,465.18,95860.85,-9999.0,-9999.0,-9999.0
2018-08-15 19:15:01.526794,32.94,41.06,32.57,21.76,53.07,34.05,95862.77,465.02,95862.77,-9999.0,-9999.0,-9999.0
2018-08-15 19:16:01.897654,33.19,41.06,32.77,21.65,52.02,34.09,95851.45,466.0,95851.45,-9999.0,-9999.0,-9999.0
2018-08-15 19:17:02.293667,34.0,41.19,33.23,21.95,51.69,34.96,95852.64,465.9,95852.48,-9999.0,-9999.0,-9999.0
2018-08-15 19:18:01.674028,33.81,41.25,33.11,22.98,55.42,34.8,95852.56,465.91,95852.56,-9999.0,-9999.0,-9999.0
2018-08-15 19:19:02.049426,33.5,41.44,32.87,23.08,56.16,34.39,95850.71,466.07,95850.71,-9999.0,-9999.0,-9999.0
2018-08-15 19:20:02.481939,32.5,41.5,31.97,22.7,58.19,33.87,95855.1,465.62,95855.89,-9999.0,-9999.0,-9999.0
2018-08-15 19:21:02.222827,32.56,41.62,32.12,22.96,58.67,34.23,95842.16,466.81,95842.16,-9999.0,-9999.0,-9999.0
2018-08-15 19:22:01.615171,33.56,41.75,33.05,21.99,52.23,34.73,95841.97,466.83,95841.97,-9999.0,-9999.0,-9999.0
2018-08-15 19:23:02.038600,32.94,41.88,32.39,21.78,53.37,34.45,95847.96,466.31,95847.96,-9999.0,-9999.0,-9999.0
2018-08-15 19:24:02.418373,32.44,42.0,31.85,22.08,56.68,33.89,95854.99,465.69,95854.99,-9999.0,-9999.0,-9999.0
2018-08-15 19:25:01.824605,33.44,42.12,32.67,22.65,55.41,34.29,95844.49,466.61,95844.49,-9999.0,-9999.0,-9999.0
2018-08-15 19:26:02.219223,34.31,42.19,33.68,22.52,52.19,34.41,95842.8,466.76,95842.8,-9999.0,-9999.0,-9999.0
2018-08-15 19:27:01.611671,33.69,42.31,33.26,23.41,56.7,35.03,95840.71,466.94,95840.71,-9999.0,-9999.0,-9999.0
2018-08-15 19:28:01.992979,32.81,42.38,32.43,22.28,55.16,33.75,95850.56,466.08,95851.35,-9999.0,-9999.0,-9999.0
2018-08-15 19:29:02.421405,32.38,42.44,31.89,24.02,62.38,33.4,95839.98,467.0,95839.98,-9999.0,-9999.0,-9999.0
2018-08-15 19:30:01.827363,32.62,42.56,32.26,22.33,55.55,33.53,95833.76,467.54,95833.76,-9999.0,-9999.0,-9999.0
2018-08-15 19:31:01.603201,33.0,42.56,32.42,22.91,57.2,34.0,95840.13,466.99,95840.13,-9999.0,-9999.0,-9999.0
2018-08-15 19:32:02.005779,33.19,42.62,32.74,22.38,54.44,34.39,95844.84,466.58,95844.84,-9999.0,-9999.0,-9999.0
2018-08-15 19:33:02.396134,33.56,42.62,33.07,23.43,57.68,34.77,95838.21,467.16,95838.21,-9999.0,-9999.0,-9999.0
2018-08-15 19:34:01.796973,33.44,42.69,32.87,22.42,53.97,34.4,95846.61,466.42,95846.61,-9999.0,-9999.0,-9999.0
2018-08-15 19:35:02.177487,33.19,42.69,32.62,23.05,57.37,34.23,95844.75,466.59,95844.75,-9999.0,-9999.0,-9999.0
2018-08-15 19:36:01.577088,33.06,42.75,32.6,23.77,58.99,34.55,95842.28,466.8,95842.28,-9999.0,-9999.0,-9999.0
2018-08-15 19:37:01.972204,33.0,42.81,32.62,23.03,57.16,34.05,95844.21,466.63,95843.89,-9999.0,-9999.0,-9999.0
2018-08-15 19:38:02.370459,33.19,42.81,32.74,22.72,55.04,34.32,95845.36,466.53,95845.36,-9999.0,-9999.0,-9999.0
2018-08-15 19:39:01.796372,33.12,42.81,32.81,24.24,60.62,34.66,95839.47,467.05,95839.47,-9999.0,-9999.0,-9999.0
2018-08-15 19:40:02.285297,32.81,42.81,32.44,21.68,53.1,34.21,95845.0,466.56,95845.0,-9999.0,-9999.0,-9999.0
2018-08-15 19:41:02.049456,33.38,42.81,32.92,23.97,58.53,34.36,95844.96,466.57,95844.96,-9999.0,-9999.0,-9999.0
2018-08-15 19:42:02.429169,33.62,42.88,33.18,23.56,57.35,35.04,95843.43,466.7,95843.43,-9999.0,-9999.0,-9999.0
2018-08-15 19:43:01.806901,33.75,42.94,33.44,24.48,58.98,35.23,95843.39,466.7,95843.39,-9999.0,-9999.0,-9999.0
2018-08-15 19:44:02.186212,32.56,42.94,32.25,21.88,54.22,34.54,95833.87,467.53,95833.87,-9999.0,-9999.0,-9999.0
2018-08-15 19:45:01.600266,32.19,43.0,31.82,22.75,58.67,34.18,95839.06,467.08,95839.06,-9999.0,-9999.0,-9999.0
2018-08-15 19:46:01.985233,32.94,43.0,32.52,23.45,58.84,34.41,95839.15,467.07,95839.15,-9999.0,-9999.0,-9999.0
2018-08-15 19:47:02.360083,32.88,42.94,32.42,22.85,56.96,34.03,95835.89,467.36,95835.89,-9999.0,-9999.0,-9999.0
2018-08-15 19:48:01.742873,32.94,42.88,32.59,23.67,60.03,34.06,95832.98,467.61,95832.98,-9999.0,-9999.0,-9999.0
2018-08-15 19:49:02.158157,32.25,42.94,32.03,21.79,54.46,33.89,95833.43,467.57,95833.43,-9999.0,-9999.0,-9999.0
2018-08-15 19:50:01.583764,32.12,42.88,31.9,21.22,53.31,33.7,95837.46,467.22,95837.46,-9999.0,-9999.0,-9999.0
2018-08-15 19:51:02.411208,32.44,42.81,32.09,22.53,57.74,33.61,95836.5,467.3,95836.5,-9999.0,-9999.0,-9999.0
2018-08-15 19:52:01.819586,32.0,42.69,31.64,22.18,56.83,33.34,95835.58,467.38,95835.58,-9999.0,-9999.0,-9999.0
2018-08-15 19:53:02.202692,32.44,42.69,31.93,22.0,55.63,33.53,95833.29,467.58,95833.29,-9999.0,-9999.0,-9999.0
2018-08-15 19:54:01.617712,32.19,42.62,31.82,22.71,57.75,33.75,95830.42,467.83,95830.42,-9999.0,-9999.0,-9999.0
2018-08-15 19:55:02.007828,31.88,42.56,31.36,21.62,56.35,33.06,95832.73,467.63,95832.73,-9999.0,-9999.0,-9999.0
2018-08-15 19:56:02.385216,32.5,42.5,32.05,22.83,58.29,33.65,95835.62,467.38,95835.62,-9999.0,-9999.0,-9999.0
2018-08-15 19:57:01.766669,32.62,42.44,32.17,21.68,53.96,33.85,95825.4,468.27,95825.4,-9999.0,-9999.0,-9999.0
2018-08-15 19:58:02.171869,33.12,42.38,32.67,22.74,55.5,34.08,95822.55,468.52,95822.55,-9999.0,-9999.0,-9999.0
2018-08-15 19:59:01.574634,33.31,42.31,32.83,23.53,59.15,34.18,95824.15,468.38,95824.15,-9999.0,-9999.0,-9999.0
2018-08-15 20:00:01.941004,33.44,42.31,32.92,23.5,57.48,34.38,95815.94,469.1,95815.94,-9999.0,-9999.0,-9999.0
2018-08-15 20:01:01.971437,32.69,42.38,32.31,23.76,61.38,34.0,95818.4,468.88,95818.4,-9999.0,-9999.0,-9999.0
2018-08-15 20:02:02.350184,32.38,42.38,32.12,23.12,58.45,33.87,95811.97,469.44,95811.97,-9999.0,-9999.0,-9999.0
2018-08-15 20:03:01.734103,32.25,42.31,31.95,22.86,59.81,33.63,95816.39,469.06,95816.39,-9999.0,-9999.0,-9999.0
2018-08-15 20:04:02.126312,32.75,42.25,32.41,22.73,56.96,33.94,95819.4,469.01,95816.87,-9999.0,-9999.0,-9999.0
2018-08-15 20:05:01.529684,32.19,42.25,31.89,21.88,55.54,33.81,95819.62,468.77,95819.62,-9999.0,-9999.0,-9999.0
2018-08-15 20:06:01.922402,31.75,42.19,31.51,22.92,60.78,33.5,95818.48,468.87,95818.48,-9999.0,-9999.0,-9999.0
2018-08-15 20:07:02.324117,32.06,42.12,31.69,22.66,59.42,33.43,95815.63,469.12,95815.63,-9999.0,-9999.0,-9999.0
2018-08-15 20:08:01.703057,32.69,42.06,32.23,23.46,59.24,33.77,95808.43,469.9,95807.51,-9999.0,-9999.0,-9999.0
2018-08-15 20:09:02.102117,32.62,42.0,32.33,22.48,55.68,33.81,95816.46,469.05,95816.46,-9999.0,-9999.0,-9999.0
2018-08-15 20:10:01.521999,32.69,42.0,32.32,22.18,54.75,33.93,95814.94,469.18,95814.94,-9999.0,-9999.0,-9999.0
2018-08-15 20:11:01.583215,32.38,42.0,31.92,22.82,59.13,33.49,95817.37,468.97,95817.37,-9999.0,-9999.0,-9999.0
2018-08-15 20:12:01.988366,32.38,41.94,31.84,21.83,55.28,33.66,95814.73,469.2,95814.73,-9999.0,-9999.0,-9999.0
2018-08-15 20:13:02.366891,32.44,41.94,32.02,23.79,62.85,33.3,95812.69,469.38,95813.48,-9999.0,-9999.0,-9999.0
2018-08-15 20:14:01.754813,32.88,41.88,32.43,23.52,59.86,33.46,95810.95,469.53,95810.95,-9999.0,-9999.0,-9999.0
2018-08-15 20:15:02.172112,32.12,41.88,31.78,21.89,55.76,33.35,95811.05,469.47,95808.33,-9999.0,-9999.0,-9999.0
2018-08-15 20:16:01.565646,32.62,41.88,32.16,23.96,61.99,33.8,95808.82,469.72,95808.82,-9999.0,-9999.0,-9999.0
2018-08-15 20:17:01.952108,32.94,41.81,32.38,22.24,55.29,34.1,95804.04,470.13,95804.04,-9999.0,-9999.0,-9999.0
2018-08-15 20:18:02.349414,33.62,41.81,33.04,21.88,52.01,34.2,95802.62,470.26,95800.24,-9999.0,-9999.0,-9999.0
2018-08-15 20:19:01.742614,34.25,41.81,33.71,23.53,55.22,34.85,95801.34,470.37,95801.34,-9999.0,-9999.0,-9999.0
2018-08-15 20:20:02.161792,34.56,41.81,33.99,21.83,49.07,34.78,95794.56,470.96,95794.56,-9999.0,-9999.0,-9999.0
2018-08-15 20:21:02.147171,34.5,41.88,34.0,22.21,50.15,34.21,95786.62,471.65,95786.62,-9999.0,-9999.0,-9999.0
2018-08-15 20:22:01.534234,34.88,41.94,34.44,24.28,55.75,34.82,95792.73,471.12,95792.73,-9999.0,-9999.0,-9999.0
2018-08-15 20:23:01.932898,34.94,42.0,34.53,22.51,50.24,34.88,95792.02,471.18,95792.02,1887,14292,8.73
2018-08-15 20:24:02.348039,32.81,42.06,32.61,22.16,54.06,34.4,95790.75,471.29,95790.75,1417,9767,6.22
2018-08-15 20:25:01.785359,32.94,42.12,32.59,22.06,53.55,34.59,95790.14,471.34,95790.14,1403,9753,6.14
2018-08-15 20:26:02.268934,33.94,42.12,33.45,23.49,55.86,35.15,95787.84,471.54,95787.84,1393,9701,6.09
2018-08-15 20:27:01.711179,33.31,42.19,32.75,21.95,52.78,34.64,95785.95,471.71,95785.95,1673,12511,7.59
2018-08-15 20:28:02.179819,33.12,42.12,32.7,23.0,56.03,34.55,95784.66,471.86,95785.0,1732,13298,7.9
2018-08-15 20:29:01.665292,32.31,42.12,32.01,22.05,55.32,33.71,95781.52,472.09,95781.52,1010,7505,4.03
2018-08-15 20:30:02.125159,32.88,42.12,32.55,24.42,63.0,34.1,95777.68,472.43,95777.68,1632,12320,7.37
2018-08-15 20:31:01.921511,33.25,42.12,32.9,23.24,56.71,34.52,95778.56,472.35,95778.56,1643,12373,7.43
2018-08-15 20:32:02.367506,32.69,42.06,32.32,23.19,58.99,34.01,95779.88,472.24,95779.88,1640,12331,7.41
2018-08-15 20:33:01.869275,32.25,42.0,31.89,22.7,57.89,33.6,95777.17,472.47,95777.17,1633,12302,7.37
2018-08-15 20:34:02.314689,31.81,41.88,31.48,21.66,55.9,33.34,95783.62,471.91,95783.62,1631,12271,7.36
2018-08-15 20:35:01.795853,32.69,41.81,32.29,21.65,53.23,33.53,95782.42,472.02,95782.42,1625,12240,7.33
2018-08-15 20:36:02.256941,32.62,41.69,32.12,21.84,54.97,33.52,95773.52,472.79,95773.52,1620,12189,7.3
2018-08-15 20:37:01.700882,33.0,41.62,32.53,22.44,55.16,33.64,95776.63,472.52,95776.63,1623,12221,7.32
2018-08-15 20:38:02.135804,33.62,41.56,33.06,22.62,54.1,34.13,95771.25,472.99,95771.25,1615,12159,7.28
2018-08-15 20:39:01.553399,33.5,41.44,32.93,23.0,55.7,34.11,95768.03,473.27,95768.03,1601,12044,7.2
2018-08-15 20:40:02.035229,33.56,41.44,33.05,22.24,53.07,34.11,95764.38,473.59,95764.38,1598,12018,7.19
2018-08-15 20:41:01.915652,32.81,41.44,32.3,21.96,54.42,33.94,95761.52,473.84,95761.52,1588,11933,7.13
2018-08-15 20:42:02.399131,32.19,41.38,31.69,21.45,54.58,33.22,95773.99,472.75,95773.99,1610,12151,7.25
2018-08-15 20:43:01.883846,33.06,41.25,32.56,22.16,54.35,33.73,95767.28,473.33,95767.28,1606,12104,7.23
2018-08-15 20:44:02.373496,33.38,41.19,32.93,22.11,52.92,33.94,95766.91,473.37,95766.91,1599,12062,7.19
2018-08-15 20:45:01.856730,34.31,41.12,33.44,21.8,50.55,34.39,95760.89,473.89,95760.89,1599,12024,7.19
2018-08-15 20:46:02.339639,34.75,41.06,33.92,22.86,52.38,34.76,95759.45,474.02,95759.45,1594,11988,7.16
2018-08-15 20:47:01.824277,32.94,41.06,32.33,21.7,53.46,33.89,95760.95,473.89,95760.95,1602,12055,7.21
2018-08-15 20:48:02.268470,33.19,41.06,32.69,22.53,55.51,33.98,95757.93,474.15,95757.93,1606,12093,7.23
2018-08-15 20:49:01.731824,33.81,41.06,33.19,22.4,53.07,34.35,95756.87,474.5,95753.86,1574,11851,7.06
2018-08-15 20:50:02.183025,34.31,41.06,33.73,21.97,50.37,34.71,95753.64,474.45,95754.43,1563,11744,7.0
2018-08-15 20:51:02.244317,34.62,41.12,33.99,21.97,49.62,34.78,95750.26,474.82,95750.26,1535,11512,6.85
2018-08-15 20:52:01.667245,35.25,41.12,34.4,21.62,47.39,35.34,95753.92,474.5,95753.92,1542,11496,6.89
2018-08-15 20:53:02.200955,35.44,41.12,34.81,21.93,47.04,35.54,95750.22,474.82,95750.22,1543,11489,6.89
2018-08-15 20:54:01.682032,35.25,41.12,34.54,22.78,50.27,35.12,95751.09,474.75,95751.09,1526,11359,6.8
2018-08-15 20:55:02.172086,34.38,41.31,33.67,22.32,51.88,34.3,95747.25,475.08,95747.25,1524,11304,6.79
2018-08-15 20:56:01.622147,34.12,41.06,33.44,23.55,56.09,34.03,95745.04,475.27,95745.04,1517,11253,6.75
2018-08-15 20:57:02.023465,34.0,41.06,33.12,22.09,52.55,33.58,95744.82,475.29,95744.82,1515,11246,6.74
2018-08-15 20:58:01.465378,33.19,41.0,32.7,21.75,52.56,33.13,95750.85,474.77,95747.68,1504,11132,6.68
2018-08-15 20:59:01.911472,33.75,41.0,33.13,23.04,56.32,33.78,95745.04,475.27,95745.04,1494,11084,6.63
2018-08-15 21:00:02.347571,33.44,41.0,32.88,23.3,57.02,33.81,95746.05,475.18,95746.05,1489,11014,6.6
2018-08-15 21:01:02.104542,32.56,41.0,32.23,22.3,55.94,33.65,95717.05,477.71,95717.05,1499,11080,6.65
2018-08-15 21:02:01.572960,32.38,40.94,32.01,23.32,59.98,33.41,95743.32,475.42,95743.32,1493,11038,6.62
2018-08-15 21:03:02.051969,32.44,41.0,32.02,23.68,61.65,33.37,95740.09,475.7,95740.09,1464,10771,6.47
2018-08-15 21:04:01.509436,32.0,41.0,31.69,22.71,59.7,32.8,95739.97,475.71,95739.97,1470,10885,6.5
2018-08-15 21:05:01.949453,32.25,40.88,31.87,22.39,57.13,32.92,95740.86,475.64,95740.86,1472,10887,6.51
2018-08-15 21:06:02.377210,32.94,40.81,32.5,22.25,54.72,33.46,95717.59,477.67,95717.59,1459,10798,6.44
2018-08-15 21:07:01.775930,33.25,40.69,32.82,22.47,54.55,33.63,95733.5,476.28,95733.5,1444,10649,6.36
2018-08-15 21:08:02.214190,33.38,40.62,32.98,22.05,53.04,33.9,95730.85,476.51,95730.85,1439,10599,6.33
2018-08-15 21:09:01.671567,33.62,40.56,33.19,22.24,52.63,33.74,95730.84,476.51,95730.84,1434,10545,6.31
2018-08-15 21:10:02.127559,34.0,40.56,33.6,22.25,51.33,33.77,95734.87,476.16,95734.87,1420,10449,6.23
2018-08-15 21:11:02.353641,34.44,40.44,34.07,21.84,48.92,34.41,95736.02,476.06,95735.38,1421,10446,6.24
2018-08-15 21:12:01.834516,34.94,40.44,34.45,22.07,48.77,34.42,95733.66,476.27,95733.66,1406,10351,6.16
2018-08-15 21:13:02.314965,35.56,40.44,35.11,22.29,47.51,34.64,95734.33,476.22,95732.56,1400,10273,6.12
2018-08-15 21:14:01.813852,36.12,40.5,35.87,23.04,47.46,35.25,95732.51,476.36,95732.51,1395,10240,6.1
2018-08-15 21:15:02.236561,36.0,40.56,35.77,23.49,49.42,35.72,95733.09,476.36,95735.01,1399,10248,6.12
2018-08-15 21:16:01.693288,35.5,40.62,34.79,23.37,51.27,35.56,95731.02,476.5,95731.02,1396,10234,6.1
2018-08-15 21:17:02.153622,34.62,40.75,34.1,23.23,52.36,35.25,95728.54,476.71,95728.54,1400,10307,6.12
2018-08-15 21:18:01.582179,33.62,40.81,33.34,23.1,55.86,34.85,95730.35,476.55,95730.35,1410,10390,6.18
2018-08-15 21:19:02.064077,33.31,40.81,32.97,23.05,56.54,34.53,95727.82,476.77,95727.82,1407,10379,6.16
2018-08-15 21:20:01.514296,33.44,40.88,33.13,23.22,56.49,34.55,95727.22,476.69,95728.83,1406,10378,6.16
2018-08-15 21:21:01.683652,33.0,40.81,32.84,22.83,55.33,34.18,95728.17,476.74,95728.17,1399,10318,6.12
2018-08-15 21:22:02.100412,33.06,40.88,32.87,23.63,57.86,34.29,95727.55,476.8,95727.55,1387,10182,6.05
2018-08-15 21:23:01.551184,32.94,40.81,32.74,22.49,54.6,34.26,95725.77,476.88,95726.56,1387,10194,6.05
2018-08-15 21:24:01.969373,33.94,40.75,33.36,22.41,52.43,34.84,95727.79,476.78,95727.79,1379,10147,6.01
2018-08-15 21:25:02.426579,33.56,40.75,33.11,22.09,52.43,34.21,95727.44,476.81,95727.44,1375,10112,5.99
2018-08-15 21:26:01.883263,33.75,40.75,33.18,22.38,53.3,34.25,95723.37,477.16,95723.37,1370,10058,5.96
2018-08-15 21:27:02.386579,33.12,40.69,32.72,22.15,54.27,34.19,95725.18,477.0,95725.18,1360,9963,5.91
2018-08-15 21:28:01.839462,33.31,40.69,32.97,22.15,53.96,34.25,95727.65,477.08,95724.32,1344,9807,5.82
2018-08-15 21:29:02.331907,32.88,40.69,32.62,22.97,56.48,33.93,95725.34,476.99,95725.34,1334,9723,5.77
2018-08-15 21:30:01.786747,33.25,40.62,33.03,22.89,55.16,34.14,95730.02,476.58,95730.02,1322,9627,5.71
2018-08-15 21:31:01.901303,32.81,40.69,32.63,21.66,52.41,34.08,95728.96,476.61,95729.75,1317,9593,5.68
2018-08-15 21:32:02.392142,32.88,40.62,32.66,23.01,57.03,34.1,95726.47,476.89,95726.47,1321,9604,5.7
2018-08-15 21:33:01.848433,33.19,40.5,32.82,22.98,56.0,34.16,95727.84,476.77,95727.84,1318,9605,5.69
2018-08-15 21:34:02.301093,33.19,40.5,32.74,22.14,54.1,33.87,95728.11,476.75,95728.11,1315,9573,5.67
2018-08-15 21:35:01.737263,33.81,40.44,33.31,22.75,54.84,34.25,95724.48,477.07,95724.48,1312,9554,5.65
2018-08-15 21:36:02.179182,34.62,40.44,33.99,21.75,48.93,34.78,95721.04,477.37,95721.04,1309,9488,5.64
2018-08-15 21:37:01.676826,35.0,40.44,34.38,22.96,52.27,34.85,95724.0,477.11,95724.0,1301,9419,5.59
2018-08-15 21:38:02.116557,34.56,40.44,34.04,22.45,50.72,34.82,95723.15,477.18,95723.15,1289,9325,5.53
2018-08-15 21:39:01.557550,34.25,40.44,33.87,22.23,50.63,34.13,95723.97,477.07,95724.45,1282,9265,5.49
2018-08-15 21:40:02.045695,35.25,40.44,34.89,22.02,47.28,34.46,95727.84,476.77,95726.73,1279,9231,5.48
2018-08-15 21:41:01.893691,35.5,40.5,35.14,22.37,47.45,35.09,95728.8,476.69,95728.8,1276,9213,5.46
2018-08-15 21:42:02.341560,35.38,40.56,34.75,22.17,47.92,35.47,95723.44,477.16,95723.44,1270,9128,5.43
2018-08-15 21:43:01.829408,34.12,40.56,33.64,22.91,53.06,34.8,95725.36,476.99,95725.36,1262,9082,5.38
2018-08-15 21:44:02.271581,34.19,40.56,33.57,22.53,52.59,34.72,95722.54,477.23,95722.54,1257,9037,5.36
2018-08-15 21:45:01.735712,33.44,40.62,32.98,22.61,54.36,34.17,95719.9,477.46,95719.9,1251,8979,5.33
2018-08-15 21:46:02.213238,33.0,40.56,32.6,22.34,54.61,33.74,95720.09,477.45,95720.09,1246,8952,5.3
2018-08-15 21:47:01.712062,33.06,40.56,32.89,22.29,53.84,33.92,95720.55,477.41,95720.55,1241,8914,5.27
2018-08-15 21:48:02.129698,32.81,40.56,32.64,22.79,55.67,33.88,95717.17,477.7,95717.17,1232,8844,5.22
2018-08-15 21:49:01.530057,33.5,40.5,33.2,22.39,53.86,34.25,95716.39,477.77,95716.39,1220,8738,5.16
2018-08-15 21:50:01.976535,33.81,40.44,33.36,22.79,54.78,34.39,95712.81,478.08,95712.81,1211,8658,5.11
2018-08-15 21:51:01.722169,33.81,40.38,33.37,23.23,55.55,34.17,95707.21,478.57,95707.21,1205,8600,5.08
2018-08-15 21:52:02.129888,33.31,40.31,32.87,22.3,53.81,33.82,95709.13,478.55,95707.39,1199,8553,5.05
2018-08-15 21:53:01.572628,33.31,40.31,32.94,22.84,54.67,34.08,95708.95,478.42,95708.95,1195,8510,5.03
2018-08-15 21:54:02.053073,33.75,40.25,33.28,22.71,53.72,34.24,95709.23,478.39,95709.23,1191,8480,5.0
2018-08-15 21:55:01.499702,33.88,40.19,33.47,21.88,50.72,34.3,95708.53,478.54,95707.59,1189,8455,4.99
2018-08-15 21:56:01.949022,33.75,40.19,33.46,23.16,54.96,34.43,95706.67,478.62,95706.67,1178,8363,4.93
2018-08-15 21:57:02.438743,33.5,40.12,33.13,22.77,54.75,34.2,95705.05,478.76,95705.05,1060,7421,4.3
2018-08-15 21:58:01.884652,33.44,40.06,33.08,22.96,55.11,33.91,95697.54,479.41,95697.54,1086,7809,4.44
2018-08-15 21:59:02.327997,33.31,40.06,32.87,22.32,53.83,33.78,95699.56,479.24,95699.56,1072,7661,4.37
2018-08-15 22:00:01.788200,33.38,40.0,32.99,22.83,55.68,33.84,95697.76,479.39,95696.49,1075,7720,4.38
2018-08-15 22:01:01.606420,33.31,40.0,33.03,21.86,52.0,33.55,95700.81,479.2,95700.02,1086,7786,4.44
2018-08-15 22:02:02.052358,33.81,40.0,33.3,22.24,52.4,33.85,95698.07,479.37,95695.68,1141,8069,4.74
2018-08-15 22:03:01.489450,33.5,39.94,33.03,21.8,51.66,33.67,95696.18,479.53,95696.18,1137,8025,4.72
2018-08-15 22:04:01.919786,34.06,39.88,33.46,22.75,53.34,34.2,95699.02,479.28,95699.02,1132,7956,4.69
2018-08-15 22:05:02.386860,34.69,39.88,34.15,23.16,53.43,34.48,95697.85,479.39,95697.85,1126,7895,4.66
2018-08-15 22:06:01.855104,35.38,39.88,34.8,23.57,51.98,34.93,95699.18,479.27,95699.18,1115,7795,4.6
2018-08-15 22:07:02.346178,35.31,39.81,34.73,22.57,49.37,34.75,95696.05,479.54,95696.05,1110,7750,4.57
2018-08-15 22:08:01.800037,35.56,39.88,34.84,21.88,47.03,34.76,95696.55,479.57,95695.76,1105,7685,4.54
2018-08-15 22:09:02.224863,35.81,39.94,34.81,22.11,47.78,35.12,95697.86,479.39,95697.86,1100,7645,4.52
2018-08-15 22:10:01.746714,36.12,39.94,35.09,23.79,51.63,35.58,95701.13,479.1,95701.13,1098,7618,4.51
2018-08-15 22:11:01.682352,34.69,39.94,33.88,21.84,49.71,35.03,95696.63,479.65,95699.96,1095,7580,4.49
2018-08-15 22:12:02.132281,34.5,40.0,33.96,23.23,53.33,35.04,95700.46,479.16,95700.46,1090,7503,4.46
2018-08-15 22:13:01.594043,34.06,40.06,33.63,21.85,50.34,34.49,95699.77,479.22,95699.77,1079,7426,4.4
2018-08-15 22:14:02.073580,34.0,40.06,33.67,23.49,55.08,34.57,95698.98,479.29,95698.98,1070,7357,4.36
2018-08-15 22:15:01.511130,33.88,40.06,33.45,22.32,52.37,34.59,95703.3,478.91,95703.3,1063,7291,4.32
2018-08-15 22:16:01.907584,34.44,40.12,33.88,23.46,54.41,34.89,95702.92,478.94,95702.92,1053,7513,4.27
2018-08-15 22:17:02.312406,34.88,40.0,34.19,22.36,50.42,35.01,95706.12,478.67,95706.12,1053,7516,4.27
2018-08-15 22:18:01.754446,33.69,40.06,33.26,23.08,54.77,34.12,95695.55,479.59,95696.82,979,6443,3.87
2018-08-15 22:19:02.247895,33.38,40.06,33.12,22.14,52.58,33.63,95670.88,481.74,95670.88,637,2786,2.04
2018-08-15 22:20:01.732228,33.25,40.0,32.89,22.07,52.99,33.49,95701.52,479.07,95701.52,1023,7006,4.1
2018-08-15 22:21:01.583284,33.25,39.94,32.86,22.24,53.73,33.39,95698.46,479.33,95698.46,1015,6929,4.06
2018-08-15 22:22:01.984614,33.5,39.88,33.13,23.46,56.63,33.65,95698.2,479.36,95698.2,1017,6919,4.07
2018-08-15 22:23:02.385382,33.12,39.88,32.75,23.18,56.87,33.53,95694.77,479.66,95694.77,1007,6840,4.02
2018-08-15 22:24:01.786327,32.94,39.81,32.59,23.12,57.61,33.5,95695.81,479.56,95695.81,1001,6795,3.99
2018-08-15 22:25:02.183344,33.12,39.69,32.78,22.52,55.68,33.44,95693.48,479.77,95693.48,1004,6823,4.0
2018-08-15 22:26:01.595833,32.94,39.69,32.59,22.1,54.26,33.2,95697.94,479.38,95697.94,1004,6806,4.0
2018-08-15 22:27:02.033765,33.25,39.62,32.99,21.99,52.33,33.38,95692.74,479.83,95692.74,1003,6785,4.0
2018-08-15 22:28:01.473522,33.5,39.56,33.16,22.87,54.66,33.49,95693.57,479.76,95693.57,997,6730,3.97
2018-08-15 22:29:01.875839,33.88,39.44,33.38,22.35,52.57,33.82,95687.73,480.27,95687.73,981,6583,3.88
2018-08-15 22:30:02.311860,33.94,39.44,33.44,23.09,55.0,34.02,95689.0,480.16,95689.0,962,6420,3.78
2018-08-15 22:31:02.255960,33.12,39.38,32.92,22.4,54.28,33.47,95687.69,480.27,95685.46,956,6350,3.75
2018-08-15 22:32:01.731818,32.88,39.31,32.7,22.35,54.93,33.52,95692.84,479.82,95692.84,946,6256,3.69
2018-08-15 22:33:02.219834,33.06,39.31,32.69,22.28,54.28,33.6,95690.18,480.06,95690.18,934,6168,3.63
2018-08-15 22:34:01.670438,33.5,39.19,33.19,22.37,53.18,33.66,95690.13,480.06,95690.13,927,6105,3.59
2018-08-15 22:35:02.123087,33.75,39.19,33.35,22.62,53.42,33.98,95687.19,480.32,95687.19,918,6024,3.54
2018-08-15 22:36:01.546283,33.69,39.19,33.21,23.26,55.85,33.93,95688.86,480.14,95689.18,915,5989,3.53
2018-08-15 22:37:02.012978,33.06,39.06,32.66,22.33,54.99,33.36,95689.52,480.11,95689.52,907,5937,3.48
2018-08-15 22:38:01.492362,33.44,39.06,32.89,21.88,52.36,33.64,95683.74,480.55,95684.56,905,5900,3.47
2018-08-15 22:39:01.937563,34.31,39.0,33.74,22.06,50.54,34.07,95680.25,480.92,95680.25,900,5846,3.45
2018-08-15 22:40:02.384174,35.19,39.0,34.38,22.03,48.63,34.1,95679.68,480.97,95679.68,891,5770,3.4
2018-08-15 22:41:02.387371,35.31,39.0,34.7,22.96,51.01,34.23,95675.73,481.32,95675.73,886,5713,3.37
2018-08-15 22:42:01.819777,34.0,39.0,33.48,22.88,54.15,33.9,95678.99,481.03,95678.96,886,5705,3.37
2018-08-15 22:43:02.265885,33.69,38.94,33.14,22.62,53.9,33.79,95677.52,481.16,95677.52,881,5670,3.34
2018-08-15 22:44:01.710485,32.88,38.94,32.48,22.02,54.23,33.33,95685.04,480.5,95685.04,873,5599,3.3
2018-08-15 22:45:02.117817,33.31,38.94,32.86,22.75,55.23,33.51,95674.6,481.41,95674.6,869,5556,3.28
2018-08-15 22:46:01.518561,33.44,38.88,33.03,22.96,56.1,33.71,95675.95,481.26,95678.03,862,5494,3.24
2018-08-15 22:47:01.960175,33.19,38.88,32.77,22.59,55.26,33.66,95677.29,481.32,95675.68,855,5443,3.2
2018-08-15 22:48:02.404988,33.31,38.81,32.99,21.98,52.55,33.62,95676.44,481.25,95676.44,851,5395,3.18
2018-08-15 22:49:01.802276,33.88,38.75,33.38,22.51,52.88,33.94,95674.3,481.44,95674.3,844,5330,3.15
2018-08-15 22:50:02.309368,33.56,38.69,33.18,22.19,52.08,33.81,95671.22,481.71,95671.22,837,5276,3.11
2018-08-15 22:51:02.164063,33.44,38.69,32.93,21.74,51.88,33.68,95672.07,481.63,95672.07,827,5207,3.05
2018-08-15 22:52:01.648829,33.94,38.69,33.4,22.95,53.94,33.89,95674.03,481.46,95674.03,820,5128,3.02
2018-08-15 22:53:02.131893,33.81,38.62,33.26,22.12,52.46,34.05,95676.71,481.23,95676.71,816,5094,3.0
2018-08-15 22:54:01.577458,34.56,38.56,33.9,22.79,51.98,34.51,95675.84,481.31,95675.84,810,5035,2.96
2018-08-15 22:55:02.043195,35.5,38.56,34.9,21.95,46.98,34.71,95670.92,481.74,95670.92,801,4971,2.92
2018-08-15 22:56:01.534221,35.56,38.56,35.07,22.52,48.56,34.56,95673.88,481.41,95674.7,798,4925,2.9
2018-08-15 22:57:01.946427,35.25,38.62,34.83,21.99,47.49,34.04,95672.25,481.62,95672.57,791,4873,2.86
2018-08-15 22:58:02.418469,35.38,38.56,35.08,22.11,46.9,34.18,95671.53,481.68,95671.53,782,4821,2.81
2018-08-15 22:59:01.854931,35.81,38.62,35.64,22.64,46.83,34.69,95670.88,481.74,95670.88,781,4771,2.81
2018-08-15 23:00:02.284316,35.94,38.62,35.75,22.83,47.34,35.22,95669.7,481.84,95669.7,772,4711,2.76
2018-08-15 23:01:02.207608,36.25,38.69,35.93,22.34,45.56,35.59,95665.68,482.19,95665.68,768,4666,2.74
2018-08-15 23:02:01.684997,36.31,38.69,36.17,22.31,44.77,35.81,95664.32,482.31,95663.68,762,4610,2.71
2018-08-15 23:03:02.124688,36.31,38.75,35.72,22.36,46.02,35.86,95666.11,482.15,95666.11,757,4570,2.68
2018-08-15 23:04:01.518706,36.31,38.81,35.79,23.27,48.34,35.67,95664.16,482.32,95664.16,749,4509,2.64
2018-08-15 23:05:01.912578,35.62,38.81,35.28,22.83,48.18,35.18,95665.84,482.18,95665.84,745,4477,2.61
2018-08-15 23:06:02.354577,34.31,38.88,33.76,22.24,50.81,34.14,95661.14,482.59,95661.14,741,4440,2.59
2018-08-15 23:07:01.771930,33.5,38.88,32.98,22.63,54.55,33.65,95665.22,482.23,95665.22,738,4412,2.58
2018-08-15 23:08:02.248562,33.12,38.88,32.72,22.48,54.73,33.47,95660.11,482.68,95660.11,733,4361,2.55
2018-08-15 23:09:01.674639,33.56,38.81,33.03,22.54,53.97,33.69,95658.02,482.86,95658.02,728,4309,2.52
2018-08-15 23:10:02.166600,33.62,38.75,33.16,22.92,55.0,33.79,95658.17,482.85,95658.17,722,4259,2.49
2018-08-15 23:11:02.164774,33.31,38.69,33.0,22.1,52.62,33.75,95660.31,482.66,95660.31,717,4214,2.46
2018-08-15 23:12:01.636423,33.44,38.69,33.17,22.11,52.45,33.73,95656.78,482.97,95656.78,710,4152,2.43
2018-08-15 23:13:02.112878,34.12,38.62,33.66,23.04,53.94,34.21,95658.9,482.78,95658.9,704,4100,2.4
2018-08-15 23:14:01.564113,34.69,38.56,34.12,22.02,49.5,34.58,95659.62,482.72,95659.62,700,4066,2.37
2018-08-15 23:15:01.980945,34.25,38.56,33.86,22.57,52.01,34.14,95658.31,482.65,95660.42,697,4029,2.36
2018-08-15 23:16:02.432877,33.81,38.44,33.35,22.64,54.04,33.85,95657.48,482.91,95657.48,689,3974,2.31
2018-08-15 23:17:01.836655,33.69,38.44,33.35,22.62,53.43,33.67,95657.97,482.86,95657.97,681,3911,2.27
2018-08-15 23:18:02.299826,33.94,38.44,33.45,22.97,54.03,33.77,95656.7,482.98,95656.7,676,3854,2.25
2018-08-15 23:19:01.773977,33.5,38.38,33.29,22.54,53.32,33.24,95660.62,482.63,95660.62,669,3791,2.21
2018-08-15 23:20:02.264116,33.62,38.31,33.22,21.89,51.35,33.49,95652.87,483.31,95652.87,665,3752,2.19
2018-08-15 23:21:02.193365,34.25,38.25,33.83,21.94,49.95,33.89,95654.52,483.26,95655.02,659,3711,2.15
2018-08-15 23:22:01.672372,35.12,38.25,34.56,22.43,49.51,34.5,95657.73,483.01,95654.7,655,3665,2.13
2018-08-15 23:23:02.152352,34.62,38.25,34.36,21.92,48.57,34.2,95651.43,483.44,95651.43,650,3618,2.11
2018-08-15 23:24:01.594430,34.31,38.25,33.99,22.64,51.69,33.89,95652.78,483.32,95652.78,645,3577,2.08
2018-08-15 23:25:02.062425,34.31,38.19,33.97,22.01,49.88,33.75,95647.66,483.76,95647.66,643,3549,2.07
2018-08-15 23:26:01.543972,33.56,38.19,33.34,21.85,51.07,33.14,95647.45,483.78,95648.27,638,3518,2.04
2018-08-15 23:27:02.029440,33.56,38.19,33.16,22.69,54.33,33.03,95644.36,484.05,95644.36,632,3474,2.01
2018-08-15 23:28:01.476477,33.88,38.12,33.52,23.02,54.01,33.25,95640.68,484.37,95640.68,628,3423,1.99
2018-08-15 23:29:01.921614,34.5,38.12,34.07,22.67,51.49,33.68,95639.89,484.44,95639.89,622,3380,1.96
2018-08-15 23:30:02.416972,34.38,38.0,34.04,22.59,51.82,33.68,95640.85,484.36,95640.85,616,3328,1.92
2018-08-15 23:31:02.260011,34.31,38.06,33.96,22.31,50.57,33.61,95639.64,484.46,95639.64,613,3290,1.91
2018-08-15 23:32:01.656149,33.75,38.0,33.42,22.93,54.3,33.42,95637.34,484.66,95637.34,608,3259,1.88
2018-08-15 23:33:02.096110,33.69,38.0,33.47,22.36,51.99,33.29,95636.5,484.74,95636.5,605,3211,1.86
2018-08-15 23:34:01.543657,33.62,37.94,33.31,22.59,53.66,33.19,95641.2,484.33,95641.2,600,3164,1.84
2018-08-15 23:35:01.982024,33.25,37.94,33.04,22.72,54.55,33.01,95636.55,484.73,95636.55,593,3124,1.8
2018-08-15 23:36:01.465859,32.81,37.88,32.63,22.41,55.24,32.67,95636.0,484.78,95636.0,588,3090,1.77
2018-08-15 23:37:01.954965,33.44,37.88,33.01,21.79,51.75,33.06,95633.35,485.01,95633.35,583,3041,1.75
2018-08-15 23:38:02.397793,34.5,37.75,33.91,22.01,49.88,33.72,95632.05,485.13,95632.05,576,2987,1.71
2018-08-15 23:39:01.849204,34.75,37.75,34.07,21.94,49.2,34.07,95631.56,485.17,95631.56,572,2953,1.69
2018-08-15 23:40:02.324197,34.0,37.75,33.41,22.26,52.14,33.67,95629.75,485.33,95629.75,566,2876,1.66
2018-08-15 23:41:02.261579,33.31,37.75,32.9,22.73,54.91,33.28,95625.83,485.67,95625.83,559,2837,1.62
2018-08-15 23:42:01.739665,32.75,37.75,32.4,22.5,55.77,32.82,95629.02,485.39,95626.8,555,2790,1.6
2018-08-15 23:43:02.224977,32.69,37.69,32.32,22.4,55.58,32.66,95626.96,485.57,95626.96,550,2751,1.57
2018-08-15 23:44:01.667838,32.94,37.69,32.57,22.61,55.7,32.84,95624.16,485.81,95624.16,544,2708,1.54
2018-08-15 23:45:02.066364,33.0,37.62,32.56,22.32,55.1,32.91,95625.1,485.73,95625.1,539,2665,1.51
2018-08-15 23:46:01.461383,33.25,37.56,32.88,22.84,55.55,33.02,95622.8,485.93,95624.56,535,2619,1.49
2018-08-15 23:47:01.924051,33.25,37.5,32.85,22.24,53.56,32.99,95619.87,486.19,95619.87,531,2575,1.47
2018-08-15 23:48:02.407070,33.5,37.44,32.98,22.6,54.53,33.16,95619.75,486.2,95619.75,526,2537,1.44
2018-08-15 23:49:01.889581,33.5,37.38,32.91,22.25,53.72,33.21,95617.48,486.4,95617.48,521,2497,1.41
2018-08-15 23:50:02.385527,33.69,37.38,33.2,21.85,51.39,33.31,95615.75,486.64,95615.46,516,2448,1.39
2018-08-15 23:51:02.280468,33.94,37.38,33.2,22.13,52.3,33.41,95615.13,486.6,95615.13,511,2401,1.36
2018-08-15 23:52:01.770533,33.69,37.38,33.27,22.23,52.45,33.32,95616.1,486.76,95613.38,507,2358,1.34
2018-08-15 23:53:02.270483,33.5,37.31,33.21,22.27,52.82,33.09,95612.8,487.03,95610.27,501,2320,1.31
2018-08-15 23:54:01.715253,33.25,37.31,33.01,22.75,54.75,32.83,95609.89,487.06,95609.89,495,2262,1.28
2018-08-15 23:55:02.189277,32.94,37.25,32.75,22.5,54.7,32.61,95609.14,487.13,95609.14,492,2230,1.26
2018-08-15 23:56:01.639217,32.88,37.25,32.77,22.03,53.2,32.59,95609.09,487.13,95609.09,487,2191,1.23
2018-08-15 23:57:02.061222,32.75,37.19,32.63,22.65,55.69,32.45,95612.07,486.87,95612.07,482,2147,1.21
2018-08-15 23:58:01.462046,32.31,37.19,32.23,22.66,57.03,32.1,95614.16,486.69,95612.11,480,2125,1.2
2018-08-15 23:59:01.925826,32.31,37.12,32.11,22.27,56.0,32.0,95613.56,486.74,95613.56,473,2074,1.16
