2018-08-15 16:06:59.077093,2.89,4.01,0.0,0.67,2.67,33,2.93,36.42,0.0,8.28,33,194,448,
2018-08-15 16:07:59.094727,2.97,4.01,2.0,0.55,2.67,61,31.9,39.66,0.0,5.71,61,235,464,
2018-08-15 16:08:59.127237,3.08,4.67,2.0,0.65,3.34,61,19.39,76.49,0.0,22.91,61,232,646,
2018-08-15 16:09:59.149907,2.46,4.01,1.34,0.53,2.67,61,17.83,130.93,0.0,34.28,61,202,915,
2018-08-15 16:10:59.169449,3.22,4.67,2.0,0.6,3.34,61,15.04,39.87,0.0,14.46,61,204,465,
2018-08-15 16:11:59.189727,2.65,4.67,1.34,0.85,2.67,61,28.3,72.85,0.0,28.42,61,233,628,
2018-08-15 16:12:59.211030,2.73,4.01,1.34,0.67,2.67,61,2.46,29.14,0.0,6.0,61,205,412,
2018-08-15 16:13:59.233803,2.75,4.01,1.34,0.59,2.67,61,13.17,74.06,0.0,20.74,61,212,634,
2018-08-15 16:14:59.259233,3.65,4.67,2.0,0.52,4.01,61,11.48,53.63,0.0,14.18,61,209,533,
2018-08-15 16:15:59.281656,2.32,4.01,0.67,0.8,2.67,61,15.7,360.0,0.0,78.48,61,187,2047,
2018-08-15 16:16:59.304325,1.15,3.34,0.0,0.73,0.67,61,0.0,360.0,360.0,0.0,61,2047,2047,
2018-08-15 16:17:59.325934,1.4,3.34,0.0,1.03,1.34,61,0.0,360.0,360.0,0.0,61,2047,2047,
2018-08-15 16:18:59.347734,1.55,2.67,0.67,0.48,1.34,61,0.0,360.0,360.0,0.0,61,2047,2047,
2018-08-15 16:19:59.370132,1.37,4.01,0.0,0.71,1.34,61,0.0,360.0,360.0,0.0,61,2047,2047,
2018-08-15 16:20:59.393419,3.74,5.34,1.34,1.0,4.01,61,0.0,360.0,360.0,0.0,61,2047,2047,
2018-08-15 16:21:59.419098,2.22,4.01,0.0,0.9,2.0,61,0.0,360.0,360.0,0.0,61,2047,2047,
2018-08-15 16:22:59.440454,3.25,4.67,2.0,0.53,3.34,61,0.0,360.0,360.0,0.0,61,2047,2047,
2018-08-15 16:23:59.461117,2.75,4.67,1.34,0.85,2.67,61,0.0,360.0,360.0,0.0,61,2047,2047,
2018-08-15 16:24:59.484279,2.23,4.01,0.67,0.97,2.0,61,0.0,360.0,360.0,0.0,61,2047,2047,
2018-08-15 16:25:59.508334,1.09,3.34,0.0,0.69,1.34,61,0.0,360.0,360.0,0.0,61,2047,2047,
2018-08-15 16:26:59.533802,2.26,4.67,0.0,1.39,2.0,61,0.0,360.0,360.0,0.0,61,2047,2047,
2018-08-15 16:27:59.558615,3.43,4.67,0.67,1.0,3.34,61,350.02,360.0,283.51,23.16,61,1669,2047,
2018-08-15 16:28:59.580665,2.77,5.34,0.67,1.05,2.67,61,307.59,360.0,207.62,36.57,61,1294,2047,
2018-08-15 16:29:59.602828,3.72,6.01,1.34,1.01,4.01,61,303.42,328.84,278.85,12.55,61,1646,1893,
2018-08-15 16:30:59.622617,3.82,5.34,2.67,0.77,4.01,61,299.08,327.62,283.71,10.59,61,1670,1887,
2018-08-15 16:31:59.642288,3.55,4.67,2.0,0.68,3.34,61,288.43,317.5,269.34,9.77,61,1599,1837,
2018-08-15 16:32:59.661965,2.8,4.01,2.0,0.5,2.67,61,304.55,328.84,283.1,10.85,61,1667,1893,
2018-08-15 16:33:59.691509,3.55,4.67,2.0,0.52,3.34,61,298.22,316.29,278.45,8.16,61,1644,1831,
2018-08-15 16:34:59.711965,3.24,4.67,2.0,0.64,3.34,61,294.29,334.91,247.08,23.84,61,1489,1923,
2018-08-15 16:35:59.734505,2.94,5.34,1.34,1.05,2.67,61,260.91,316.69,241.01,17.57,61,1459,1833,
2018-08-15 16:36:59.757323,2.36,3.34,1.34,0.51,2.67,61,292.06,322.77,275.82,10.26,61,1631,1863,
2018-08-15 16:37:59.782277,2.94,4.01,1.34,0.66,2.67,61,275.19,290.39,270.76,4.19,61,1606,1703,
2018-08-15 16:38:59.806351,2.34,4.01,0.67,0.74,2.67,61,266.75,299.49,247.08,10.21,61,1489,1748,
2018-08-15 16:39:59.832501,2.8,3.34,1.34,0.55,2.67,61,266.07,272.38,248.09,6.23,61,1494,1614,
2018-08-15 16:40:59.852246,2.15,4.01,1.34,0.56,2.0,61,256.01,268.74,248.5,5.17,61,1496,1596,
2018-08-15 16:41:59.872731,2.01,3.34,0.67,0.59,2.0,61,268.13,332.48,245.87,19.39,61,1483,1911,
2018-08-15 16:42:59.894612,2.39,4.01,1.34,0.61,2.0,61,267.15,297.47,234.54,9.32,61,1427,1738,
2018-08-15 16:43:59.919081,2.38,3.34,1.34,0.52,2.67,61,271.51,288.77,266.91,3.92,61,1587,1695,
2018-08-15 16:44:59.943235,1.88,3.34,0.0,0.78,2.0,61,303.81,339.56,263.07,23.49,61,1568,1946,
2018-08-15 16:45:59.965884,2.49,4.01,1.34,0.72,2.67,61,337.24,360.0,282.5,22.81,61,1664,2047,
2018-08-15 16:46:59.987003,3.15,4.67,1.34,0.7,3.34,61,326.85,359.6,303.34,14.96,61,1767,2045,
2018-08-15 16:47:59.022666,2.64,4.01,1.34,0.67,2.67,60,325.97,352.92,294.44,14.17,60,1723,2012,
2018-08-15 16:48:59.040506,2.97,4.67,1.34,0.7,2.67,61,296.78,328.03,269.34,16.63,61,1599,1889,
2018-08-15 16:49:59.057896,2.53,3.34,1.34,0.51,2.67,61,274.69,285.73,268.33,4.15,61,1594,1680,
2018-08-15 16:50:59.073393,2.05,2.67,0.67,0.54,2.0,61,263.17,287.96,247.28,7.92,61,1490,1691,
2018-08-15 16:51:59.091282,3.04,4.67,1.34,0.89,3.34,61,318.6,356.96,270.96,18.95,61,1607,2032,
2018-08-15 16:52:59.109431,2.96,4.67,2.0,0.63,2.67,61,334.28,353.12,297.07,9.94,61,1736,2013,
2018-08-15 16:53:59.128401,2.17,3.34,0.67,0.61,2.0,61,331.64,349.07,294.44,12.39,61,1723,1993,
2018-08-15 16:54:59.152362,3.31,6.01,0.67,1.33,3.34,61,296.6,350.69,274.4,14.82,61,1624,2001,
2018-08-15 16:55:59.173613,3.32,4.67,2.0,0.67,3.34,61,287.31,313.66,270.15,9.54,61,1603,1818,
2018-08-15 16:56:59.194299,2.34,3.34,0.67,0.83,2.67,61,277.22,310.62,267.12,9.33,61,1588,1803,
2018-08-15 16:57:59.214289,2.66,4.01,1.34,0.6,2.67,61,301.17,354.74,272.78,21.65,61,1616,2021,
2018-08-15 16:58:59.232649,3.65,5.34,2.0,0.87,4.01,61,346.01,360.0,311.43,10.97,61,1807,2047,
2018-08-15 16:59:59.251241,2.09,2.67,1.34,0.43,2.0,61,339.0,360.0,312.04,11.09,61,1810,2047,
2018-08-15 17:00:59.269012,2.11,4.01,1.34,0.68,2.0,61,353.4,360.0,337.54,5.31,61,1936,2047,
2018-08-15 17:01:59.297404,1.74,3.34,0.67,0.78,2.0,61,343.2,360.0,317.1,12.51,61,1835,2047,
2018-08-15 17:02:59.333325,2.68,4.67,1.34,0.69,2.67,61,304.94,356.76,287.55,15.65,61,1689,2031,
2018-08-15 17:03:59.350953,3.46,4.68,2.0,0.65,3.34,61,313.0,340.17,279.46,9.94,61,1649,1949,
2018-08-15 17:04:59.371359,3.16,4.67,2.0,0.78,3.34,61,324.22,355.95,298.48,10.85,61,1743,2027,
2018-08-15 17:05:59.390300,2.2,2.67,1.34,0.42,2.0,61,323.66,348.47,291.8,11.57,61,1710,1990,
2018-08-15 17:06:59.409073,2.53,3.34,1.34,0.5,2.67,61,325.47,360.0,292.01,11.56,61,1711,2047,
2018-08-15 17:07:59.428819,2.94,4.01,1.34,0.63,2.67,61,344.39,360.0,312.04,11.88,61,1810,2047,
2018-08-15 17:08:59.446675,2.28,3.34,1.34,0.41,2.0,61,345.64,360.0,319.53,10.12,61,1847,2047,
2018-08-15 17:09:59.464171,2.59,4.01,1.34,0.56,2.67,61,326.35,351.1,291.8,14.03,61,1710,2003,
2018-08-15 17:10:59.481973,2.72,4.01,1.34,0.63,2.67,61,309.45,336.32,286.14,10.87,61,1682,1930,
2018-08-15 17:11:59.501168,2.65,4.01,2.0,0.53,2.67,61,313.41,340.78,278.04,17.92,61,1642,1952,
2018-08-15 17:12:59.520829,2.18,3.34,1.34,0.42,2.0,61,316.22,335.31,297.07,8.8,61,1736,1925,
2018-08-15 17:13:59.540303,2.16,3.34,1.34,0.47,2.0,61,318.23,343.2,275.21,17.0,61,1628,1964,
2018-08-15 17:14:59.560097,2.2,3.34,0.67,0.67,2.0,61,334.16,360.0,298.28,15.5,61,1742,2047,
2018-08-15 17:15:59.576926,1.51,2.67,0.67,0.45,1.34,61,309.55,338.55,291.2,14.2,61,1707,1941,
2018-08-15 17:16:59.595209,0.81,1.34,0.0,0.45,0.67,61,303.49,328.43,291.8,15.29,61,1710,1891,
2018-08-15 17:17:59.613192,2.29,4.01,0.67,1.12,2.0,61,353.17,360.0,298.28,15.59,61,1742,2047,
2018-08-15 17:18:59.629787,3.26,4.67,2.0,0.61,3.34,61,355.71,360.0,334.3,5.96,61,1920,2047,
2018-08-15 17:19:59.647268,3.04,5.34,2.0,0.81,2.67,61,340.73,360.0,299.49,17.07,61,1748,2047,
2018-08-15 17:20:59.658488,2.79,4.01,2.0,0.6,2.67,61,319.77,360.0,287.35,15.16,61,1688,2047,
2018-08-15 17:21:59.670520,2.51,4.01,1.34,0.61,2.67,61,337.66,360.0,300.71,12.35,61,1754,2047,
2018-08-15 17:22:59.684263,2.64,3.34,2.0,0.44,2.67,61,325.28,354.94,289.58,15.15,61,1699,2022,
2018-08-15 17:23:59.697247,2.82,4.67,0.67,0.8,2.67,61,307.13,341.79,279.46,15.66,61,1649,1957,
2018-08-15 17:24:59.715881,2.1,3.34,0.67,0.67,2.0,61,327.25,360.0,291.6,15.01,61,1709,2047,
2018-08-15 17:25:59.736936,2.55,4.01,0.67,0.8,2.67,61,297.35,343.61,285.53,15.11,61,1679,1966,
2018-08-15 17:26:59.756698,2.17,3.34,1.34,0.49,2.0,61,331.99,360.0,282.09,19.1,61,1662,2047,
2018-08-15 17:27:59.775457,3.47,4.67,1.34,0.79,3.34,61,295.51,337.54,275.21,12.4,61,1628,1936,
2018-08-15 17:28:59.795565,2.89,4.01,1.34,0.6,2.67,61,293.81,319.93,276.63,11.05,61,1635,1849,
2018-08-15 17:29:59.815106,2.82,4.67,1.34,0.69,2.67,61,292.36,315.89,281.48,7.77,61,1659,1829,
2018-08-15 17:30:59.832880,2.18,4.01,0.67,0.8,2.0,61,303.82,352.51,281.28,14.72,61,1658,2010,
2018-08-15 17:31:59.853884,1.24,2.67,0.67,0.48,1.34,61,319.7,360.0,286.14,19.59,61,1682,2047,
2018-08-15 17:32:59.871543,1.71,2.67,0.67,0.59,2.0,61,311.73,344.01,285.94,15.46,61,1681,1968,
2018-08-15 17:33:59.889820,1.99,3.34,0.67,0.61,2.0,61,323.03,347.86,298.68,12.14,61,1744,1987,
2018-08-15 17:34:59.908337,2.69,4.01,2.0,0.54,2.67,61,302.19,331.26,283.71,9.84,61,1670,1905,
2018-08-15 17:35:59.929215,2.99,4.01,2.0,0.66,3.34,61,321.15,349.07,286.95,14.83,61,1686,1993,
2018-08-15 17:36:59.949675,2.62,4.01,1.34,0.53,2.67,61,307.15,337.34,286.75,12.43,61,1685,1935,
2018-08-15 17:37:59.970184,2.85,4.01,2.0,0.53,2.67,61,318.03,344.01,287.76,12.24,61,1690,1968,
2018-08-15 17:38:59.988470,1.93,3.34,0.67,0.61,2.0,61,311.33,344.62,295.24,12.36,61,1727,1971,
2018-08-15 17:39:59.024033,0.81,1.34,0.0,0.55,0.67,60,341.51,353.12,307.18,14.13,60,1786,2013,
2018-08-15 17:40:59.041240,1.07,2.67,0.0,0.82,1.34,61,339.11,354.13,316.69,10.47,61,1833,2018,
2018-08-15 17:41:59.063054,1.49,2.01,0.67,0.37,1.34,61,333.21,355.75,302.33,13.18,61,1762,2026,
2018-08-15 17:42:59.082213,2.33,4.01,0.67,0.74,2.67,61,345.91,356.56,295.24,14.26,61,1727,2030,
2018-08-15 17:43:59.103209,2.33,6.01,0.67,1.27,2.0,61,336.05,360.0,270.56,29.61,61,1605,2047,
2018-08-15 17:44:59.122907,2.5,3.34,1.34,0.54,2.67,61,359.71,360.0,356.36,0.81,61,2029,2047,
2018-08-15 17:45:59.140663,1.71,3.34,0.0,0.88,1.34,61,352.07,360.0,320.54,10.36,61,1852,2047,
2018-08-15 17:46:59.160241,2.78,4.01,1.34,0.61,2.67,61,355.7,360.0,340.98,4.72,61,1953,2047,
2018-08-15 17:47:59.180949,2.9,4.01,2.0,0.62,2.67,61,355.33,360.0,332.28,6.46,61,1910,2047,
2018-08-15 17:48:59.200687,2.49,3.34,1.34,0.45,2.67,61,338.93,360.0,294.23,21.07,61,1722,2047,
2018-08-15 17:49:59.222086,1.8,2.67,0.67,0.44,2.0,61,310.92,357.77,295.85,15.85,61,1730,2036,
2018-08-15 17:50:59.238487,1.89,3.34,1.34,0.47,2.0,61,351.6,360.0,316.49,10.73,61,1832,2047,
2018-08-15 17:51:59.256181,1.4,2.0,0.67,0.34,1.34,61,333.92,357.98,295.24,18.07,61,1727,2037,
2018-08-15 17:52:59.273990,1.97,4.01,0.67,0.82,2.0,61,351.65,360.0,333.69,6.73,61,1917,2047,
2018-08-15 17:53:59.297049,2.79,4.01,1.34,0.62,2.67,61,358.03,360.0,346.04,3.47,61,1978,2047,
2018-08-15 17:54:59.315723,2.41,3.34,1.34,0.46,2.67,61,352.27,360.0,327.82,8.61,61,1888,2047,
2018-08-15 17:55:59.337015,2.35,3.34,0.67,0.74,2.67,61,340.82,352.31,312.85,8.47,61,1814,2009,
2018-08-15 17:56:59.355541,1.51,2.67,0.67,0.45,1.34,61,347.95,352.51,330.86,3.92,61,1903,2010,
2018-08-15 17:57:59.377014,1.55,2.0,0.67,0.38,1.34,61,352.92,354.54,346.85,1.36,61,1982,2020,
2018-08-15 17:58:59.398152,1.3,2.67,0.67,0.5,1.34,61,350.7,354.94,332.48,4.56,61,1911,2022,
2018-08-15 17:59:59.421400,2.81,4.01,2.0,0.51,2.67,61,356.14,360.0,334.7,5.91,61,1922,2047,
2018-08-15 18:00:59.446275,3.23,4.01,2.0,0.57,3.34,61,0.0,360.0,360.0,0.0,61,2047,2047,
2018-08-15 18:01:59.469632,2.59,4.01,1.34,0.56,2.67,61,359.67,360.0,353.52,1.18,61,2015,2047,
2018-08-15 18:02:59.489648,1.73,2.67,0.67,0.49,2.0,61,359.99,360.0,359.39,0.08,61,2044,2047,
2018-08-15 18:03:59.513013,1.42,2.67,0.67,0.48,1.34,61,358.96,360.0,329.04,5.91,61,1894,2047,
2018-08-15 18:04:59.536292,2.61,4.01,1.34,0.7,2.67,61,358.63,360.0,339.97,3.68,61,1948,2047,
2018-08-15 18:05:59.558372,2.24,3.34,1.34,0.58,2.0,61,0.0,360.0,360.0,0.0,61,2047,2047,
2018-08-15 18:06:59.582014,2.46,4.01,1.34,0.63,2.0,61,0.0,360.0,360.0,0.0,61,2047,2047,
2018-08-15 18:07:59.604623,2.28,3.34,1.34,0.52,2.0,61,0.0,360.0,360.0,0.0,61,2047,2047,
2018-08-15 18:08:59.622425,1.78,2.67,0.67,0.46,2.0,61,359.95,360.0,358.18,0.26,61,2038,2047,
2018-08-15 18:09:59.643457,1.95,2.67,1.34,0.41,2.0,61,359.68,360.0,353.32,1.12,61,2014,2047,
2018-08-15 18:10:59.661785,2.56,3.34,1.34,0.42,2.67,61,347.37,360.0,323.37,9.26,61,1866,2047,
2018-08-15 18:11:59.684401,2.05,3.34,0.67,0.71,2.0,61,359.43,360.0,352.11,1.43,61,2008,2047,
2018-08-15 18:12:59.708697,2.28,4.01,1.34,0.53,2.0,61,358.65,360.0,346.04,2.54,61,1978,2047,
2018-08-15 18:13:59.730603,1.89,3.34,0.67,0.7,2.0,61,350.41,360.0,318.11,8.2,61,1840,2047,
2018-08-15 18:14:59.752467,2.42,4.01,0.67,0.98,2.0,61,341.27,360.0,304.96,12.48,61,1775,2047,
2018-08-15 18:15:59.774647,2.56,4.01,1.34,0.61,2.67,61,339.65,356.76,321.75,10.4,61,1858,2031,
2018-08-15 18:16:59.796239,2.0,3.34,1.34,0.47,2.0,61,354.34,360.0,330.05,8.17,61,1899,2047,
2018-08-15 18:17:59.819592,2.43,3.34,1.34,0.45,2.67,61,359.73,360.0,354.94,0.94,61,2022,2047,
2018-08-15 18:18:59.844572,1.43,2.0,0.67,0.45,1.34,61,352.08,360.0,311.03,8.53,61,1805,2047,
2018-08-15 18:19:59.866419,1.7,2.67,0.67,0.41,2.0,61,354.82,360.0,337.94,6.44,61,1938,2047,
2018-08-15 18:20:59.885184,1.34,2.0,0.67,0.4,1.34,61,359.41,360.0,354.33,1.15,61,2019,2047,
2018-08-15 18:21:59.906992,1.45,2.67,0.67,0.5,1.34,61,359.98,360.0,357.98,0.26,61,2037,2047,
2018-08-15 18:22:59.929114,1.64,2.67,1.34,0.35,1.34,61,0.0,360.0,360.0,0.0,61,2047,2047,
2018-08-15 18:23:59.952417,0.99,2.0,0.0,0.39,0.67,61,350.65,360.0,317.71,12.7,61,1838,2047,
2018-08-15 18:24:59.977816,1.18,2.67,0.0,0.7,1.34,61,347.33,360.0,320.94,8.6,61,1854,2047,
2018-08-15 18:26:00.000589,2.21,4.01,1.34,0.65,2.0,61,342.65,360.0,307.39,13.16,61,1787,2047,
2018-08-15 18:26:59.034661,2.24,3.34,1.34,0.49,2.0,60,327.11,354.54,310.22,8.39,60,1801,2020,
2018-08-15 18:27:59.058222,2.18,3.34,1.34,0.5,2.0,61,326.53,360.0,300.51,13.44,61,1753,2047,
2018-08-15 18:28:59.082173,1.87,2.67,1.34,0.43,2.0,61,328.36,360.0,299.29,11.11,61,1747,2047,
2018-08-15 18:29:59.109811,1.78,3.34,0.67,0.74,1.34,61,350.97,360.0,309.81,15.0,61,1799,2047,
2018-08-15 18:30:59.130882,2.15,3.34,1.34,0.42,2.0,61,357.29,360.0,330.66,4.62,61,1902,2047,
2018-08-15 18:31:59.155062,2.36,3.34,1.34,0.37,2.67,61,355.04,360.0,327.22,6.74,61,1885,2047,
2018-08-15 18:32:59.174406,1.57,2.0,0.67,0.4,1.34,61,349.44,360.0,330.05,9.19,61,1899,2047,
2018-08-15 18:33:59.203211,1.08,1.34,0.66,0.32,1.34,61,355.3,356.96,339.36,3.17,61,1945,2032,
2018-08-15 18:34:59.222744,0.11,1.34,0.0,0.3,0.0,61,356.42,357.98,335.51,3.91,61,1926,2037,
2018-08-15 18:35:59.245069,0.0,0.0,0.0,0.0,0.0,61,0.0,360.0,344.82,3.27,61,1972,2047,
2018-08-15 18:36:59.268586,0.0,0.0,0.0,0.0,0.0,61,0.0,360.0,324.79,5.57,61,1873,2047,
2018-08-15 18:37:59.290855,0.0,0.0,0.0,0.0,0.0,61,0.0,360.0,328.84,8.89,61,1893,2047,
2018-08-15 18:38:59.314872,0.0,0.0,0.0,0.0,0.0,61,0.0,357.17,348.67,1.66,61,1991,2033,
2018-08-15 18:39:59.340595,0.0,0.0,0.0,0.0,0.0,61,0.0,360.0,349.07,2.41,61,1993,2047,
2018-08-15 18:40:59.368736,0.0,0.0,0.0,0.0,0.0,61,0.0,360.0,339.97,5.35,61,1948,2047,
2018-08-15 18:41:59.394435,0.0,0.0,0.0,0.0,0.0,61,0.0,360.0,355.75,0.6,61,2026,2047,
2018-08-15 18:42:59.414427,0.0,0.0,0.0,0.0,0.0,61,0.0,360.0,360.0,0.0,61,2047,2047,
2018-08-15 18:43:59.437170,0.0,0.0,0.0,0.0,0.0,61,0.0,360.0,341.38,5.07,61,1955,2047,
2018-08-15 18:44:59.462190,0.0,0.0,0.0,0.0,0.0,61,0.0,359.39,335.11,3.4,61,1924,2044,
2018-08-15 18:49:53.602668,2.21,3.15,0.0,1.05,2.56,6,0.0,360.0,358.18,0.68,6,2038,2047,
2018-08-15 18:50:53.545298,2.06,2.43,1.57,0.35,2.2,6,338.6,360.0,298.68,21.26,6,1744,2047,
2018-08-15 18:51:53.501018,2.67,3.21,1.84,0.44,2.72,6,313.25,348.26,285.13,22.18,6,1677,1989,
2018-08-15 18:52:53.452788,2.51,2.69,2.3,0.12,2.53,6,291.85,312.65,282.9,10.0,6,1666,1813,
2018-08-15 18:53:53.414530,2.65,3.21,2.23,0.33,2.66,6,302.35,316.69,288.57,10.31,6,1694,1833,
2018-08-15 18:54:53.364544,1.86,2.17,1.11,0.36,1.97,6,317.3,327.22,305.16,7.06,6,1776,1885,
2018-08-15 18:55:53.324157,1.21,1.64,0.79,0.33,1.18,6,338.44,349.88,324.99,9.2,6,1874,1997,
2018-08-15 18:56:53.278033,1.94,2.49,1.18,0.5,2.03,6,351.01,356.96,349.07,2.66,6,1993,2032,
2018-08-15 18:57:53.240883,1.37,1.51,1.11,0.14,1.41,6,351.06,351.91,349.68,0.8,6,1996,2007,
2018-08-15 18:58:53.197199,1.88,2.23,1.44,0.33,1.9,6,359.88,360.0,359.39,0.23,6,2044,2047,
2018-08-15 18:59:53.154837,1.09,1.71,0.39,0.47,1.28,6,0.0,360.0,360.0,0.0,6,2047,2047,
2018-08-15 19:00:53.110087,1.51,1.97,0.72,0.46,1.57,6,0.0,360.0,360.0,0.0,6,2047,2047,
2018-08-15 19:01:53.062122,0.39,0.98,0.07,0.31,0.33,6,0.0,360.0,360.0,0.0,6,2047,2047,
2018-08-15 19:02:53.021120,0.64,0.98,0.0,0.31,0.72,6,0.0,360.0,360.0,0.0,6,2047,2047,
2018-08-15 19:03:52.966616,0.85,1.77,0.0,0.72,0.75,6,324.43,360.0,290.19,26.46,6,1702,2047,
2018-08-15 19:04:52.924222,2.14,2.89,1.51,0.48,2.2,6,303.95,321.55,296.66,8.29,6,1734,1857,
2018-08-15 19:05:52.879034,1.78,2.23,1.38,0.29,1.77,6,289.5,307.99,282.7,8.89,6,1665,1790,
2018-08-15 19:06:52.838614,2.81,3.41,2.43,0.33,2.75,6,307.93,327.82,299.7,9.72,6,1749,1888,
2018-08-15 19:07:52.785298,2.66,3.22,2.36,0.28,2.59,6,296.06,314.06,286.14,9.81,6,1682,1820,
2018-08-15 19:08:52.744896,2.03,2.43,1.71,0.25,1.93,6,298.56,324.79,283.1,13.97,6,1667,1873,
2018-08-15 19:09:52.702012,1.54,1.84,1.31,0.17,1.57,6,280.84,283.31,278.04,1.9,6,1642,1668,
2018-08-15 19:10:52.651847,1.39,1.97,0.85,0.33,1.41,6,280.17,290.99,275.62,5.3,6,1630,1706,
2018-08-15 19:11:52.611406,1.98,2.36,1.64,0.25,1.97,6,299.63,307.18,283.91,8.34,6,1671,1786,
2018-08-15 19:12:52.568067,1.06,1.71,0.46,0.41,1.15,6,286.68,295.85,282.7,4.7,6,1665,1730,
2018-08-15 19:13:52.514334,1.33,1.77,0.98,0.3,1.21,6,314.03,331.67,283.31,19.73,6,1668,1907,
2018-08-15 19:14:52.463820,0.62,1.25,0.13,0.38,0.69,6,351.94,354.74,348.06,2.8,6,1988,2021,
2018-08-15 19:15:52.416545,1.09,1.64,0.46,0.42,1.08,6,355.64,356.56,352.92,1.28,6,2012,2030,
2018-08-15 19:16:52.378300,0.3,0.79,0.0,0.28,0.23,6,351.8,356.76,340.78,5.83,6,1952,2031,
2018-08-15 19:17:52.331861,0.72,0.98,0.33,0.25,0.79,6,305.12,360.0,289.17,24.08,6,1697,2047,
2018-08-15 19:18:52.285286,1.37,2.03,0.85,0.4,1.28,6,347.56,355.35,334.7,7.39,6,1922,2024,
2018-08-15 19:19:52.240635,2.1,2.3,1.84,0.19,2.13,6,308.27,322.77,289.38,14.12,6,1698,1863,
2018-08-15 19:20:52.186145,1.68,2.16,0.92,0.41,1.87,6,299.17,320.54,288.97,11.93,6,1696,1852,
2018-08-15 19:21:52.123817,0.63,0.98,0.0,0.39,0.85,6,344.87,351.5,327.62,8.66,6,1887,2005,
2018-08-15 19:22:52.085823,0.61,2.49,0.0,0.87,0.23,6,320.74,351.91,309.21,16.31,6,1796,2007,
2018-08-15 19:23:52.035308,2.06,2.95,1.58,0.47,1.87,6,318.66,334.1,305.16,9.99,6,1776,1919,
2018-08-15 19:24:51.985486,0.8,1.12,0.46,0.28,0.82,6,294.09,312.45,281.08,12.54,6,1657,1812,
2018-08-15 19:25:51.945169,0.48,0.85,0.2,0.22,0.49,6,270.86,282.9,268.53,5.32,6,1595,1666,
2018-08-15 19:26:51.904824,0.58,1.18,0.0,0.43,0.62,6,279.48,300.71,267.52,11.99,6,1590,1754,
2018-08-15 19:27:51.849940,1.8,2.49,1.25,0.39,1.74,6,348.42,354.54,339.16,6.64,6,1944,2020,
2018-08-15 19:28:51.798233,1.9,2.16,1.57,0.2,1.97,6,338.14,353.52,309.01,15.18,6,1795,2015,
2018-08-15 19:29:51.751281,1.76,2.1,1.25,0.29,1.8,6,332.63,350.29,300.51,19.65,6,1753,1999,
2018-08-15 19:30:51.700673,1.4,1.84,0.92,0.33,1.48,6,320.75,343.0,287.55,20.48,6,1689,1963,
2018-08-15 19:31:51.660492,1.64,1.77,1.57,0.08,1.61,6,324.54,350.69,294.64,19.67,6,1724,2001,
2018-08-15 19:32:51.615863,1.22,2.1,0.07,0.77,1.38,6,299.27,348.67,274.6,31.08,6,1625,1991,
2018-08-15 19:33:51.575435,2.25,2.75,1.71,0.31,2.23,6,330.7,352.72,297.27,21.79,6,1737,2011,
2018-08-15 19:34:51.530229,1.78,2.16,1.38,0.25,1.77,6,327.89,353.93,300.71,19.66,6,1754,2017,
2018-08-15 19:35:51.492830,1.74,1.9,1.51,0.13,1.77,6,290.21,304.76,283.91,7.72,6,1671,1774,
2018-08-15 19:36:51.452868,1.92,2.43,1.51,0.37,1.84,6,255.86,274.2,249.11,10.29,6,1499,1623,
2018-08-15 19:37:51.405361,1.29,1.84,0.98,0.27,1.25,6,256.66,274.6,249.31,8.82,6,1500,1625,
2018-08-15 19:38:51.368100,1.33,1.77,1.11,0.23,1.28,6,271.03,296.05,258.41,12.54,6,1545,1731,
2018-08-15 19:39:51.317605,1.71,2.03,1.31,0.25,1.77,6,263.27,263.68,262.26,0.49,6,1564,1571,
2018-08-15 19:40:51.263472,1.02,1.18,0.33,0.31,1.15,6,260.6,263.27,258.62,1.98,6,1546,1569,
2018-08-15 19:41:51.210572,0.8,1.51,0.0,0.53,0.89,6,271.72,288.57,258.41,9.69,6,1545,1694,
2018-08-15 19:42:51.164030,1.59,2.36,0.92,0.58,1.61,6,278.45,296.86,264.08,11.51,6,1573,1735,
2018-08-15 19:43:51.117078,2.13,2.62,1.84,0.27,2.07,6,297.07,308.6,281.48,10.64,6,1659,1793,
2018-08-15 19:44:51.068331,2.29,2.62,1.84,0.29,2.39,6,281.01,299.09,274.0,8.5,6,1622,1746,
2018-08-15 19:45:51.031155,1.79,1.97,1.44,0.18,1.84,6,284.51,297.27,269.54,10.24,6,1600,1737,
2018-08-15 19:46:50.993607,2.09,2.95,1.05,0.69,2.13,6,328.62,350.49,313.86,14.29,6,1819,2000,
2018-08-15 19:47:50.953340,1.76,2.89,0.66,0.72,1.77,6,293.45,343.0,273.39,30.39,6,1619,1963,
2018-08-15 19:48:50.915134,2.63,3.34,2.1,0.4,2.59,6,279.27,293.42,268.74,8.62,6,1596,1718,
2018-08-15 19:49:50.878102,2.08,2.49,1.84,0.21,2.0,6,272.11,272.38,271.97,0.15,6,1612,1614,
2018-08-15 19:50:50.840504,1.92,2.43,1.51,0.29,1.87,6,262.38,264.49,260.64,1.25,6,1556,1575,
2018-08-15 19:51:50.808557,2.3,2.62,1.9,0.25,2.33,6,296.22,345.83,271.16,27.46,6,1608,1977,
2018-08-15 19:52:50.768255,1.78,2.49,1.31,0.41,1.74,6,327.79,346.04,295.85,19.19,6,1730,1978,
2018-08-15 19:53:50.715339,1.88,2.82,1.18,0.58,1.84,6,283.26,298.89,277.44,7.78,6,1639,1745,
2018-08-15 19:54:50.677987,2.16,2.89,1.51,0.5,2.26,6,311.69,325.8,274.81,16.9,6,1626,1878,
2018-08-15 19:55:50.640856,1.92,3.48,1.18,0.82,1.71,6,295.94,307.79,279.87,9.46,6,1651,1789,
2018-08-15 19:56:50.603477,1.46,1.9,0.92,0.4,1.57,6,280.18,288.57,276.02,4.17,6,1632,1694,
2018-08-15 19:57:50.566416,0.84,1.38,0.39,0.31,0.85,6,258.27,276.63,240.2,17.09,6,1455,1635,
2018-08-15 19:58:50.530615,1.33,1.64,0.98,0.27,1.38,6,329.11,347.25,241.42,36.56,6,1461,1984,
2018-08-15 19:59:50.485435,1.16,1.84,0.72,0.39,0.98,6,306.56,327.62,281.48,17.92,6,1659,1887,
2018-08-15 20:00:50.446583,2.92,3.74,2.03,0.57,2.95,6,294.57,316.69,279.87,12.72,6,1651,1833,
2018-08-15 20:01:50.409247,2.78,3.67,2.36,0.44,2.66,6,287.04,298.89,278.25,6.61,6,1643,1745,
2018-08-15 20:02:50.371864,2.1,2.36,1.84,0.19,2.1,6,282.4,292.41,280.07,4.52,6,1652,1713,
2018-08-15 20:03:50.334341,2.22,2.82,1.84,0.34,2.2,6,292.57,311.43,280.07,12.55,6,1652,1807,
2018-08-15 20:04:50.297029,2.35,2.75,1.97,0.29,2.46,6,278.2,279.66,277.23,0.92,6,1638,1650,
2018-08-15 20:05:50.259918,1.87,3.54,0.52,1.17,1.57,6,277.58,279.06,276.22,0.88,6,1633,1647,
2018-08-15 20:06:50.222689,2.01,2.82,0.98,0.67,2.07,6,290.86,313.05,278.45,12.79,6,1644,1815,
2018-08-15 20:07:50.185492,1.1,1.64,0.52,0.44,1.25,6,276.81,277.64,276.02,0.47,6,1632,1640,
2018-08-15 20:08:50.148283,1.63,2.36,1.05,0.43,1.51,6,262.02,271.16,257.81,4.7,6,1542,1608,
2018-08-15 20:09:50.111133,1.5,2.36,1.05,0.44,1.44,6,269.24,282.7,264.08,5.89,6,1573,1665,
2018-08-15 20:10:50.066542,2.21,2.75,1.57,0.35,2.2,6,310.76,329.65,284.32,16.72,6,1673,1897,
2018-08-15 20:11:50.029004,1.91,2.69,1.11,0.5,1.9,6,308.49,320.74,284.92,11.84,6,1676,1853,
2018-08-15 20:12:59.984185,2.21,3.08,1.31,0.64,2.36,7,321.41,338.95,284.92,19.36,7,1676,1943,
2018-08-15 20:13:59.936903,2.01,2.62,1.71,0.39,1.77,6,331.78,340.17,325.19,5.26,6,1875,1949,
2018-08-15 20:14:59.893592,2.75,3.41,2.03,0.44,2.75,6,297.61,312.24,281.28,11.15,6,1658,1811,
2018-08-15 20:15:59.855803,1.72,2.1,1.18,0.35,1.84,6,290.35,304.15,279.26,8.56,6,1648,1771,
2018-08-15 20:16:59.810186,1.3,1.77,0.79,0.34,1.31,6,290.89,300.3,281.08,6.94,6,1657,1752,
2018-08-15 20:17:59.772589,0.44,0.72,0.07,0.24,0.43,6,279.51,279.66,279.06,0.21,6,1647,1650,
2018-08-15 20:18:59.735088,0.15,0.66,0.0,0.24,0.0,6,278.97,279.46,278.85,0.22,6,1646,1649,
2018-08-15 20:19:59.697675,0.13,0.46,0.0,0.19,0.0,6,275.62,279.46,275.62,1.74,6,1630,1649,
2018-08-15 20:20:59.660143,0.19,0.46,0.0,0.17,0.16,6,275.53,275.82,273.59,0.72,6,1620,1631,
2018-08-15 20:21:59.604608,0.26,0.79,0.0,0.3,0.16,6,271.91,273.59,269.75,1.73,6,1601,1620,
2018-08-15 20:22:59.567209,0.46,1.11,0.0,0.48,0.3,6,344.26,360.0,251.53,45.05,6,1511,2047,
2018-08-15 20:23:59.515402,1.92,2.62,1.51,0.39,1.8,6,277.39,288.36,243.04,15.64,6,1469,1693,
2018-08-15 20:24:59.475222,1.45,2.3,0.39,0.59,1.51,6,294.78,339.97,271.57,26.76,6,1610,1948,
2018-08-15 20:25:59.443259,0.39,1.18,0.0,0.38,0.3,6,349.34,360.0,299.29,22.63,6,1747,2047,
2018-08-15 20:26:59.397214,0.95,1.84,0.26,0.58,0.72,6,326.67,360.0,296.66,24.18,6,1734,2047,
2018-08-15 20:27:59.350354,0.74,1.44,0.07,0.45,0.82,6,0.0,360.0,360.0,0.0,6,2047,2047,
2018-08-15 20:28:59.313072,2.24,2.89,1.57,0.42,2.23,6,0.0,360.0,360.0,0.0,6,2047,2047,
2018-08-15 20:29:59.275624,1.25,1.84,0.52,0.52,1.38,6,0.0,360.0,360.0,0.0,6,2047,2047,
2018-08-15 20:30:59.231544,0.85,1.18,0.52,0.21,0.89,6,0.0,360.0,360.0,0.0,6,2047,2047,
2018-08-15 20:31:59.188793,1.87,2.56,1.05,0.54,2.0,6,0.0,360.0,360.0,0.0,6,2047,2047,
2018-08-15 20:32:59.151536,2.21,2.95,1.71,0.43,2.07,6,0.0,360.0,360.0,0.0,6,2047,2047,
2018-08-15 20:33:59.108347,2.2,2.75,1.51,0.4,2.26,6,0.0,360.0,360.0,0.0,6,2047,2047,
2018-08-15 20:34:59.054534,1.57,1.84,0.92,0.31,1.71,6,0.0,360.0,360.0,0.0,6,2047,2047,
2018-08-15 20:35:59.007032,1.49,1.71,1.31,0.15,1.48,6,0.0,360.0,360.0,0.0,6,2047,2047,
2018-08-15 20:36:58.966771,1.27,1.44,1.05,0.13,1.28,6,0.0,360.0,360.0,0.0,6,2047,2047,
2018-08-15 20:37:58.929399,1.21,1.57,0.66,0.3,1.28,6,0.0,360.0,360.0,0.0,6,2047,2047,
2018-08-15 20:38:58.885028,0.9,1.31,0.59,0.25,0.92,6,0.0,360.0,360.0,0.0,6,2047,2047,
2018-08-15 20:39:58.840312,0.61,0.98,0.13,0.33,0.62,6,0.0,360.0,360.0,0.0,6,2047,2047,
2018-08-15 20:40:58.794770,1.59,2.17,1.05,0.34,1.57,6,0.0,360.0,360.0,0.0,6,2047,2047,
2018-08-15 20:41:58.756804,1.76,2.1,1.31,0.27,1.74,6,0.0,360.0,360.0,0.0,6,2047,2047,
2018-08-15 20:42:58.716977,0.91,1.64,0.07,0.5,0.89,6,0.0,360.0,360.0,0.0,6,2047,2047,
2018-08-15 20:43:58.679276,1.19,1.71,0.72,0.32,1.21,6,0.0,360.0,360.0,0.0,6,2047,2047,
2018-08-15 20:44:58.631593,0.59,1.97,0.0,0.79,0.1,6,0.0,360.0,360.0,0.0,6,2047,2047,
2018-08-15 20:45:58.586603,0.13,0.52,0.0,0.2,0.0,6,0.0,360.0,360.0,0.0,6,2047,2047,
2018-08-15 20:46:58.548869,1.76,2.75,0.46,0.78,1.87,6,0.0,360.0,360.0,0.0,6,2047,2047,
2018-08-15 20:47:58.502654,1.19,1.9,0.79,0.42,1.11,6,0.0,360.0,360.0,0.0,6,2047,2047,
2018-08-15 20:48:58.464941,0.67,1.38,0.0,0.59,0.69,6,0.0,360.0,360.0,0.0,6,2047,2047,
2018-08-15 20:49:58.427210,0.69,1.25,0.0,0.5,0.89,6,0.0,360.0,360.0,0.0,6,2047,2047,
2018-08-15 20:50:58.389461,0.81,1.44,0.07,0.51,0.95,6,0.0,360.0,360.0,0.0,6,2047,2047,
2018-08-15 20:51:58.351382,0.47,0.79,0.0,0.32,0.59,6,0.0,360.0,360.0,0.0,6,2047,2047,
2018-08-15 20:52:58.304686,0.01,0.07,0.0,0.02,0.0,6,0.0,360.0,360.0,0.0,6,2047,2047,
2018-08-15 20:53:58.268388,0.46,1.44,0.0,0.65,0.0,6,0.0,360.0,360.0,0.0,6,2047,2047,
2018-08-15 20:54:58.221099,1.75,1.97,1.18,0.29,1.9,6,0.0,360.0,360.0,0.0,6,2047,2047,
2018-08-15 20:55:58.176794,1.39,1.64,1.18,0.15,1.38,6,0.0,360.0,360.0,0.0,6,2047,2047,
2018-08-15 20:56:58.128367,1.92,2.03,1.64,0.13,1.97,6,2.28,360.0,2.02,177.78,6,278,2047,
2018-08-15 20:57:58.085355,1.84,2.03,1.51,0.17,1.87,6,0.64,360.0,4.65,132.43,6,291,2047,
2018-08-15 20:58:58.043523,0.55,1.25,0.0,0.53,0.49,6,352.66,360.0,343.61,6.19,6,1966,2047,
2018-08-15 20:59:58.000701,0.98,1.38,0.2,0.39,1.08,6,322.76,360.0,303.34,17.52,6,1767,2047,
2018-08-15 21:00:57.963561,1.54,2.49,0.46,0.64,1.51,6,287.57,309.41,213.29,30.99,6,1322,1797,
2018-08-15 21:01:57.926187,1.58,2.69,0.72,0.7,1.34,6,297.64,317.91,268.94,16.74,6,1597,1839,
2018-08-15 21:02:57.888784,1.78,2.16,1.38,0.23,1.77,6,305.37,321.35,291.4,10.15,6,1708,1856,
2018-08-15 21:03:57.851535,2.37,2.82,1.44,0.44,2.53,6,305.06,326.81,280.27,15.61,6,1653,1883,
2018-08-15 21:04:57.814052,2.3,2.89,1.31,0.51,2.33,6,307.33,328.43,294.84,10.38,6,1725,1891,
2018-08-15 21:05:57.776833,0.61,0.98,0.39,0.21,0.52,6,334.47,350.08,319.73,12.46,6,1848,1998,
2018-08-15 21:06:57.739624,1.28,2.62,0.2,0.95,1.11,6,348.18,360.0,320.34,12.4,6,1851,2047,
2018-08-15 21:07:57.694015,0.82,1.97,0.26,0.56,0.62,6,311.79,353.93,231.3,40.58,6,1411,2017,
2018-08-15 21:08:57.635369,0.92,1.57,0.39,0.37,0.82,6,217.95,229.88,192.45,12.45,6,1219,1404,
2018-08-15 21:09:57.598229,0.71,1.18,0.26,0.29,0.69,6,212.52,231.7,191.03,12.72,6,1212,1413,
2018-08-15 21:10:57.557986,0.07,0.26,0.0,0.09,0.03,6,232.27,233.52,231.7,0.63,6,1413,1422,
2018-08-15 21:11:57.520971,0.26,0.92,0.0,0.38,0.0,6,198.3,232.92,188.8,16.16,6,1201,1419,
2018-08-15 21:12:57.483623,0.31,1.05,0.0,0.42,0.03,6,188.72,188.8,188.6,0.1,6,1200,1201,
2018-08-15 21:13:57.446225,0.0,0.0,0.0,0.0,0.0,6,0.0,188.8,188.6,0.09,6,1200,1201,
2018-08-15 21:14:57.403524,0.0,0.0,0.0,0.0,0.0,6,0.0,360.0,310.42,14.53,6,1802,2047,
2018-08-15 21:15:57.358297,0.51,0.98,0.0,0.34,0.46,6,294.74,347.66,266.71,26.52,6,1586,1986,
2018-08-15 21:16:57.311241,1.06,2.03,0.0,0.71,1.31,6,268.59,275.01,256.19,7.53,6,1534,1627,
2018-08-15 21:17:57.274004,1.91,2.89,0.92,0.67,2.07,6,260.41,271.37,216.93,18.25,6,1340,1609,
2018-08-15 21:18:57.236587,1.93,2.49,1.64,0.28,1.87,6,277.68,287.35,267.72,7.34,6,1591,1688,
2018-08-15 21:19:57.199264,2.01,2.3,1.38,0.31,2.13,6,270.23,275.01,247.89,9.53,6,1493,1627,
2018-08-15 21:20:57.161957,2.0,2.43,1.64,0.33,2.0,6,261.7,272.58,250.52,8.4,6,1506,1615,
2018-08-15 21:21:57.115053,1.98,2.82,1.38,0.56,1.93,6,264.92,268.33,256.19,4.41,6,1534,1594,
2018-08-15 21:22:57.078016,1.65,2.23,0.98,0.37,1.67,6,266.6,273.39,251.13,7.21,6,1509,1619,
2018-08-15 21:23:57.040954,0.55,1.05,0.0,0.42,0.66,6,279.51,289.17,268.53,7.99,6,1595,1697,
2018-08-15 21:24:57.003644,1.22,1.84,0.59,0.41,1.15,6,312.3,333.29,285.33,15.9,6,1678,1915,
2018-08-15 21:25:56.966300,0.82,1.64,0.13,0.47,0.75,6,321.09,339.76,303.54,14.55,6,1768,1947,
2018-08-15 21:26:56.929325,1.8,1.97,1.57,0.15,1.84,6,273.28,286.95,262.87,7.31,6,1567,1686,
2018-08-15 21:27:56.891924,1.45,1.84,1.18,0.22,1.44,6,271.25,288.36,250.73,13.99,6,1507,1693,
2018-08-15 21:28:56.854479,2.47,3.02,1.84,0.51,2.53,6,255.13,262.26,245.26,5.51,6,1480,1564,
2018-08-15 21:29:56.810634,1.97,2.23,1.57,0.27,2.07,6,252.61,285.33,234.74,16.62,6,1428,1678,
2018-08-15 21:30:56.773319,1.98,2.3,1.51,0.28,2.0,6,276.51,299.9,264.28,11.81,6,1574,1750,
2018-08-15 21:31:56.729690,1.88,2.1,1.58,0.21,1.93,6,268.39,276.63,259.83,6.68,6,1552,1635,
2018-08-15 21:32:56.691183,1.68,2.3,1.31,0.36,1.61,6,286.45,297.07,279.66,5.8,6,1650,1736,
2018-08-15 21:33:56.646915,1.59,1.9,0.98,0.3,1.67,6,299.78,308.8,287.76,8.65,6,1690,1794,
2018-08-15 21:34:56.598325,0.95,1.51,0.52,0.36,0.85,6,255.66,293.22,248.09,16.15,6,1494,1717,
2018-08-15 21:35:56.560969,0.73,1.57,0.0,0.64,0.69,6,281.05,316.09,263.68,16.12,6,1571,1830,
2018-08-15 21:36:56.523530,0.28,0.66,0.0,0.29,0.26,6,264.66,277.64,249.92,9.43,6,1503,1640,
2018-08-15 21:37:56.486029,0.95,1.25,0.39,0.31,1.05,6,251.21,267.52,230.29,12.46,6,1406,1590,
2018-08-15 21:38:56.448708,1.46,2.95,0.72,0.77,1.21,6,206.0,263.27,191.43,25.28,6,1214,1569,
2018-08-15 21:39:56.411607,0.24,0.72,0.0,0.32,0.03,6,192.96,193.25,192.85,0.12,6,1221,1223,
2018-08-15 21:40:56.374547,0.0,0.0,0.0,0.0,0.0,6,0.0,243.44,193.05,22.72,6,1222,1471,
2018-08-15 21:41:56.337290,0.0,0.0,0.0,0.0,0.0,6,0.0,260.03,242.63,6.05,6,1467,1553,
2018-08-15 21:42:56.306266,1.15,1.77,0.0,0.75,1.57,6,299.26,320.13,260.03,20.19,6,1553,1850,
2018-08-15 21:43:56.268952,1.25,1.77,0.46,0.47,1.25,6,301.89,327.42,270.96,17.45,6,1607,1886,
2018-08-15 21:44:56.237920,2.31,2.75,1.57,0.37,2.39,6,295.21,321.55,244.45,25.46,6,1476,1857,
2018-08-15 21:45:56.200332,2.43,2.69,2.03,0.24,2.46,6,300.03,325.8,281.08,14.66,6,1657,1878,
2018-08-15 21:46:56.162744,2.14,2.75,1.51,0.44,2.16,6,271.06,287.35,265.9,7.5,6,1582,1688,
2018-08-15 21:47:56.110436,2.63,3.21,2.23,0.32,2.62,6,265.76,271.97,258.01,4.62,6,1543,1612,
2018-08-15 21:48:56.074142,1.89,2.3,1.38,0.33,1.93,6,283.47,303.34,269.75,10.74,6,1601,1767,
2018-08-15 21:49:56.036846,1.43,2.16,0.39,0.65,1.44,6,278.5,298.68,254.37,14.49,6,1525,1744,
2018-08-15 21:50:55.998915,1.52,1.9,1.31,0.2,1.44,6,309.96,320.74,293.22,8.81,6,1717,1853,
2018-08-15 21:51:55.961672,2.01,2.62,1.64,0.31,1.97,6,308.66,318.72,296.86,8.86,6,1735,1843,
2018-08-15 21:52:55.924393,1.72,2.03,1.18,0.28,1.77,6,282.87,289.38,278.65,3.95,6,1645,1698,
2018-08-15 21:53:55.885366,1.26,1.77,0.33,0.53,1.41,6,272.7,302.93,245.26,21.3,6,1480,1765,
2018-08-15 21:54:55.848157,1.11,1.38,0.72,0.21,1.18,6,258.41,277.84,242.63,11.8,6,1467,1641,
2018-08-15 21:55:55.810779,1.46,1.97,0.72,0.47,1.57,6,262.15,275.21,247.28,9.67,6,1490,1628,
2018-08-15 21:56:55.773321,1.78,2.3,1.57,0.24,1.71,6,283.06,316.9,272.18,15.32,6,1613,1834,
2018-08-15 21:57:55.735850,1.66,2.1,1.38,0.26,1.64,6,305.97,326.41,283.51,16.06,6,1669,1881,
2018-08-15 21:58:55.705155,1.76,2.1,1.57,0.17,1.74,6,298.82,321.75,278.85,13.18,6,1646,1858,
2018-08-15 21:59:55.667957,1.87,2.16,1.44,0.24,1.87,6,301.8,331.06,275.62,18.41,6,1630,1904,
2018-08-15 22:00:55.630265,1.63,1.97,1.18,0.29,1.67,6,318.93,348.26,294.64,17.19,6,1724,1989,
2018-08-15 22:01:55.584187,1.27,2.1,0.72,0.43,1.21,6,326.76,334.5,320.54,4.64,6,1852,1921,
2018-08-15 22:02:55.536958,1.31,1.84,0.33,0.52,1.41,6,309.84,339.36,301.32,12.88,6,1757,1945,
2018-08-15 22:03:55.497824,0.73,1.11,0.2,0.34,0.89,6,301.54,304.15,298.68,1.92,6,1744,1771,
2018-08-15 22:04:55.464164,0.4,0.85,0.0,0.31,0.49,6,349.74,354.13,302.73,17.89,6,1764,2018,
2018-08-15 22:05:55.405358,0.36,0.59,0.07,0.17,0.36,6,0.0,360.0,360.0,0.0,6,2047,2047,
2018-08-15 22:06:55.358024,0.56,0.98,0.0,0.32,0.62,6,357.68,360.0,352.11,2.94,6,2008,2047,
2018-08-15 22:07:55.318260,0.82,1.38,0.39,0.3,0.85,6,0.0,360.0,360.0,0.0,6,2047,2047,
2018-08-15 22:08:55.281281,0.24,0.59,0.0,0.25,0.2,6,346.03,360.0,314.87,16.82,6,1824,2047,
2018-08-15 22:09:55.243940,0.03,0.2,0.0,0.07,0.0,6,314.06,314.87,314.06,0.28,6,1820,1824,
2018-08-15 22:10:55.196421,1.06,1.84,0.13,0.55,1.08,6,288.85,313.86,255.58,18.27,6,1531,1819,
2018-08-15 22:11:55.153677,1.05,1.38,0.59,0.33,1.21,6,264.75,265.9,261.25,1.69,6,1559,1582,
2018-08-15 22:12:55.116376,1.26,1.77,0.46,0.46,1.34,6,254.18,266.1,244.45,7.53,6,1476,1583,
2018-08-15 22:13:55.069249,1.28,1.9,0.85,0.39,1.15,6,259.89,282.9,243.44,13.62,6,1471,1666,
2018-08-15 22:14:55.005307,1.39,1.97,1.05,0.32,1.31,6,284.14,301.52,270.96,10.71,6,1607,1758,
2018-08-15 22:15:54.958112,0.98,1.57,0.46,0.35,1.02,6,286.14,302.33,269.34,10.45,6,1599,1762,
2018-08-15 22:16:54.910940,0.62,0.98,0.13,0.26,0.66,6,307.62,322.97,281.28,16.86,6,1658,1864,
2018-08-15 22:17:54.873526,1.31,2.23,0.07,0.79,1.41,6,313.29,322.97,305.36,5.4,6,1777,1864,
2018-08-15 22:18:54.829108,1.83,2.03,1.44,0.2,1.9,6,324.22,338.75,305.56,10.68,6,1778,1942,
2018-08-15 22:19:54.779223,1.6,2.17,1.31,0.34,1.41,6,314.69,340.78,298.28,15.72,6,1742,1952,
2018-08-15 22:20:54.716516,1.64,1.97,1.31,0.29,1.64,6,316.33,326.41,310.62,4.98,6,1803,1881,
2018-08-15 22:21:54.675427,1.55,1.9,1.05,0.32,1.71,6,305.24,343.2,279.46,20.35,6,1649,1964,
2018-08-15 22:22:54.630704,2.47,3.21,1.9,0.48,2.26,6,300.98,334.7,278.85,16.91,6,1646,1922,
2018-08-15 22:23:54.590358,2.71,3.08,1.77,0.46,2.95,6,291.25,306.37,267.32,11.84,6,1589,1782,
2018-08-15 22:24:54.552804,2.25,2.56,1.97,0.19,2.26,6,303.55,330.25,282.09,14.95,6,1662,1900,
2018-08-15 22:25:54.511261,2.39,2.69,2.1,0.2,2.39,6,321.65,337.13,297.67,12.4,6,1739,1934,
2018-08-15 22:26:54.473934,1.84,2.95,1.05,0.76,1.57,6,306.22,344.62,281.08,22.48,6,1657,1971,
2018-08-15 22:27:54.428051,1.28,1.9,0.79,0.36,1.25,6,326.93,339.56,307.99,9.38,6,1790,1946,
2018-08-15 22:28:54.390689,0.99,1.84,0.52,0.45,0.92,6,307.26,316.49,300.1,5.62,6,1751,1832,
2018-08-15 22:29:54.351176,1.41,1.71,1.25,0.16,1.34,6,306.86,325.4,278.25,18.2,6,1643,1876,
2018-08-15 22:30:54.295306,2.24,3.34,1.31,0.66,2.23,6,244.06,280.67,220.37,17.74,6,1357,1655,
2018-08-15 22:31:54.257782,2.32,2.82,1.9,0.34,2.33,6,270.93,300.71,225.23,23.62,6,1381,1754,
2018-08-15 22:32:54.209461,2.25,2.62,1.77,0.33,2.3,6,287.2,298.89,274.81,8.51,6,1626,1745,
2018-08-15 22:33:54.172264,1.29,1.64,1.05,0.2,1.25,6,320.31,336.12,287.35,15.5,6,1688,1929,
2018-08-15 22:34:54.132828,1.03,1.18,0.92,0.1,1.02,6,285.16,313.46,268.33,17.84,6,1594,1817,
2018-08-15 22:35:54.088366,1.3,1.57,1.11,0.16,1.31,6,300.88,307.39,286.95,6.87,6,1686,1787,
2018-08-15 22:36:54.050136,1.98,2.23,1.57,0.21,2.0,6,307.58,341.99,290.19,16.79,6,1702,1958,
2018-08-15 22:37:54.012563,1.76,2.36,1.25,0.41,1.8,6,292.41,298.68,287.35,3.52,6,1688,1744,
2018-08-15 22:38:53.970822,0.32,0.98,0.0,0.37,0.13,6,260.87,299.7,235.75,23.91,6,1433,1749,
2018-08-15 22:39:53.933585,0.28,0.66,0.0,0.23,0.26,6,197.64,247.08,183.14,21.55,6,1173,1489,
2018-08-15 22:40:53.878234,0.15,0.39,0.0,0.18,0.07,6,186.06,360.0,180.91,66.19,6,1162,2047,
2018-08-15 22:41:53.837219,2.04,2.75,1.31,0.45,2.03,6,319.2,359.39,286.34,27.9,6,1683,2044,
2018-08-15 22:42:53.791866,1.39,2.16,1.05,0.37,1.25,6,307.6,324.18,286.14,13.09,6,1682,1870,
2018-08-15 22:43:53.751556,2.7,2.82,2.43,0.14,2.75,6,286.0,295.04,263.88,10.62,6,1572,1726,
2018-08-15 22:44:53.719976,1.88,2.75,1.18,0.53,1.8,6,289.08,311.03,278.85,10.47,6,1646,1805,
2018-08-15 22:45:53.667462,1.57,2.03,1.31,0.24,1.51,6,289.02,306.17,264.49,13.16,6,1575,1781,
2018-08-15 22:46:53.618196,1.83,2.03,1.57,0.15,1.84,6,282.91,295.24,275.62,7.39,6,1630,1727,
2018-08-15 22:47:53.580939,1.75,1.97,1.64,0.12,1.71,6,299.93,323.78,270.15,16.79,6,1603,1868,
2018-08-15 22:48:53.543498,1.14,1.97,0.46,0.5,1.11,6,271.94,327.02,240.2,27.33,6,1455,1884,
2018-08-15 22:49:53.504612,0.97,1.77,0.2,0.62,1.02,6,305.37,317.5,297.47,7.74,6,1738,1837,
2018-08-15 22:50:53.464750,1.62,1.84,1.38,0.17,1.64,6,299.98,305.36,291.2,4.54,6,1707,1777,
2018-08-15 22:51:53.427394,0.74,1.57,0.0,0.62,0.79,6,304.69,315.28,292.21,8.23,6,1712,1826,
2018-08-15 22:52:53.390048,0.74,1.44,0.0,0.55,0.95,6,276.71,311.23,274.0,12.68,6,1622,1806,
2018-08-15 22:53:53.352605,0.36,0.98,0.0,0.45,0.1,6,271.99,272.18,271.97,0.1,6,1612,1613,
2018-08-15 22:54:53.315035,0.0,0.0,0.0,0.0,0.0,6,0.0,271.77,270.76,0.45,6,1606,1611,
2018-08-15 22:55:53.277504,0.0,0.0,0.0,0.0,0.0,6,0.0,247.49,247.08,0.15,6,1489,1491,
2018-08-15 22:56:53.240163,0.0,0.0,0.0,0.0,0.0,6,0.0,216.53,192.45,9.72,6,1219,1338,
2018-08-15 22:57:53.202671,0.0,0.0,0.0,0.0,0.0,6,0.0,194.27,193.25,0.35,6,1223,1228,
2018-08-15 22:58:53.158177,0.0,0.0,0.0,0.0,0.0,6,0.0,194.47,194.27,0.09,6,1228,1229,
2018-08-15 22:59:53.120897,0.0,0.0,0.0,0.0,0.0,6,0.0,194.47,194.27,0.09,6,1228,1229,
2018-08-15 23:00:53.081204,0.0,0.0,0.0,0.0,0.0,6,0.0,194.67,193.25,0.58,6,1223,1230,
2018-08-15 23:01:53.044456,0.0,0.0,0.0,0.0,0.0,6,0.0,332.28,194.06,65.06,6,1227,1910,
2018-08-15 23:02:53.005352,0.0,0.0,0.0,0.0,0.0,6,0.0,332.48,328.84,1.25,6,1893,1911,
2018-08-15 23:03:52.965455,0.17,0.79,0.0,0.29,0.0,6,0.0,360.0,328.84,14.53,6,1893,2047,
2018-08-15 23:04:52.918948,0.7,0.85,0.46,0.14,0.72,6,346.53,356.56,337.74,6.34,6,1937,2030,
2018-08-15 23:05:52.872355,1.33,2.03,0.59,0.55,1.48,6,326.42,353.93,311.23,13.36,6,1806,2017,
2018-08-15 23:06:52.831995,1.79,2.36,1.25,0.37,1.71,6,311.56,340.98,300.71,15.02,6,1754,1953,
2018-08-15 23:07:52.778623,2.04,2.23,1.9,0.14,2.0,6,296.1,309.21,282.9,7.72,6,1666,1796,
2018-08-15 23:08:52.735002,1.31,1.64,0.85,0.29,1.38,6,287.56,301.11,272.58,8.68,6,1615,1756,
2018-08-15 23:09:52.692336,1.21,1.31,1.11,0.08,1.21,6,290.2,309.81,258.41,19.89,6,1545,1799,
2018-08-15 23:10:52.652058,1.42,1.57,1.05,0.18,1.48,6,267.78,276.42,252.55,8.4,6,1516,1634,
2018-08-15 23:11:52.604756,1.3,1.84,0.92,0.32,1.21,6,260.98,269.14,243.84,9.32,6,1473,1598,
2018-08-15 23:12:52.555378,0.6,1.05,0.39,0.23,0.52,6,271.11,281.28,254.37,10.25,6,1525,1658,
2018-08-15 23:13:52.523639,0.17,0.46,0.0,0.17,0.13,6,283.68,285.73,281.08,1.37,6,1657,1680,
2018-08-15 23:14:52.482663,0.59,1.18,0.07,0.4,0.52,6,317.67,342.19,294.23,19.78,6,1722,1959,
2018-08-15 23:15:52.435427,1.26,1.64,0.85,0.28,1.31,6,314.4,327.42,290.39,12.23,6,1703,1886,
2018-08-15 23:16:52.395863,1.4,2.03,0.79,0.38,1.34,6,313.49,349.27,291.2,19.87,6,1707,1994,
2018-08-15 23:17:52.358482,0.78,1.25,0.07,0.4,0.79,6,318.7,331.47,307.99,7.59,6,1790,1906,
2018-08-15 23:18:52.311808,1.36,1.71,0.85,0.32,1.44,6,347.32,360.0,309.41,17.07,6,1797,2047,
2018-08-15 23:19:52.274482,1.21,2.03,0.66,0.56,1.02,6,328.43,346.85,297.67,18.08,6,1739,1982,
2018-08-15 23:20:52.232972,0.32,0.66,0.0,0.26,0.33,6,295.14,297.47,293.83,1.36,6,1720,1738,
2018-08-15 23:21:52.185430,0.0,0.0,0.0,0.0,0.0,6,0.0,298.28,295.65,0.84,6,1729,1742,
2018-08-15 23:22:52.144880,0.33,1.11,0.0,0.47,0.0,6,339.32,344.82,297.67,19.12,6,1739,1972,
2018-08-15 23:23:52.097511,1.17,1.57,0.79,0.28,1.08,6,349.99,356.36,341.18,4.84,6,1954,2029,
2018-08-15 23:24:52.060142,0.83,1.25,0.46,0.27,0.75,6,352.39,360.0,328.43,12.6,6,1891,2047,
2018-08-15 23:25:52.012637,1.68,2.3,1.05,0.39,1.64,6,0.0,360.0,360.0,0.0,6,2047,2047,
2018-08-15 23:26:51.968193,1.84,1.97,1.64,0.11,1.87,6,0.0,360.0,360.0,0.0,6,2047,2047,
2018-08-15 23:27:51.923143,1.19,1.44,0.92,0.16,1.21,6,359.24,360.0,355.14,1.81,6,2023,2047,
2018-08-15 23:28:51.882820,0.42,1.05,0.0,0.34,0.39,6,343.88,351.91,329.85,8.98,6,1898,2007,
2018-08-15 23:29:51.842834,0.46,0.72,0.13,0.24,0.49,6,342.45,356.16,330.86,10.12,6,1903,2028,
2018-08-15 23:30:51.809539,0.87,1.11,0.59,0.18,0.89,6,354.33,360.0,339.16,8.32,6,1944,2047,
2018-08-15 23:31:51.769563,1.18,1.9,0.66,0.41,1.15,6,325.88,360.0,308.4,15.29,6,1792,2047,
2018-08-15 23:32:51.729343,0.92,1.25,0.66,0.19,0.92,6,345.56,360.0,330.25,13.44,6,1900,2047,
2018-08-15 23:33:51.681123,1.19,1.44,0.98,0.16,1.18,6,344.16,360.0,330.86,10.01,6,1903,2047,
2018-08-15 23:34:51.640961,1.29,1.71,0.92,0.25,1.28,6,330.33,348.26,309.61,14.14,6,1798,1989,
2018-08-15 23:35:51.595430,2.02,2.56,1.51,0.31,2.0,6,333.68,340.57,322.56,6.27,6,1862,1951,
2018-08-15 23:36:51.555853,0.9,1.64,0.39,0.49,0.75,6,330.66,337.74,302.12,11.92,6,1761,1937,
2018-08-15 23:37:51.507977,0.12,0.72,0.0,0.27,0.0,6,305.56,305.97,305.56,0.18,6,1778,1780,
2018-08-15 23:38:51.470830,0.0,0.0,0.0,0.0,0.0,6,0.0,305.97,305.36,0.2,6,1777,1780,
2018-08-15 23:39:51.432695,0.49,1.25,0.0,0.51,0.39,6,316.06,321.55,304.35,6.43,6,1772,1857,
2018-08-15 23:40:51.394069,1.44,1.64,1.18,0.2,1.48,6,308.83,351.5,282.9,22.51,6,1666,2005,
2018-08-15 23:41:51.356584,1.87,2.23,1.38,0.29,1.93,6,313.66,318.92,306.78,4.66,6,1784,1844,
2018-08-15 23:42:51.315661,1.85,2.17,1.57,0.25,1.8,6,322.36,328.63,318.11,3.75,6,1840,1892,
2018-08-15 23:43:51.278315,1.08,1.44,0.59,0.28,1.11,6,312.13,323.98,298.28,8.96,6,1742,1869,
2018-08-15 23:44:51.238229,1.08,1.31,0.85,0.17,1.08,6,310.6,316.49,304.55,4.07,6,1773,1832,
2018-08-15 23:45:51.201041,0.78,0.98,0.52,0.16,0.85,6,315.85,326.21,306.37,5.82,6,1782,1880,
2018-08-15 23:46:51.161788,0.87,0.98,0.72,0.12,0.92,6,323.54,341.99,319.93,7.97,6,1849,1958,
2018-08-15 23:47:51.117050,0.49,0.79,0.2,0.18,0.46,6,314.02,320.13,305.77,6.16,6,1779,1850,
2018-08-15 23:48:51.079728,0.69,0.98,0.46,0.2,0.66,6,307.13,308.8,305.36,1.21,6,1777,1794,
2018-08-15 23:49:51.042288,0.59,0.92,0.2,0.25,0.62,6,309.93,310.83,309.21,0.68,6,1796,1804,
2018-08-15 23:50:51.004739,0.0,0.0,0.0,0.0,0.0,6,0.0,311.23,309.01,0.74,6,1795,1806,
2018-08-15 23:51:50.967431,0.0,0.0,0.0,0.0,0.0,6,0.0,313.05,311.23,0.73,6,1806,1815,
2018-08-15 23:52:50.930057,0.74,1.11,0.33,0.26,0.79,6,349.19,360.0,314.27,20.27,6,1821,2047,
2018-08-15 23:53:50.875416,1.01,1.18,0.59,0.2,1.08,6,355.13,360.0,339.97,7.37,6,1948,2047,
2018-08-15 23:54:50.813159,1.49,1.77,1.25,0.19,1.41,6,358.39,360.0,352.72,2.71,6,2011,2047,
2018-08-15 23:55:50.771597,1.12,1.25,0.98,0.13,1.12,6,354.6,360.0,351.3,2.89,6,2004,2047,
2018-08-15 23:56:50.733589,0.92,1.38,0.52,0.27,0.85,6,351.74,360.0,340.78,6.32,6,1952,2047,
2018-08-15 23:57:50.695552,1.98,2.3,1.64,0.26,2.0,6,352.91,360.0,341.79,6.65,6,1957,2047,
2018-08-15 23:58:50.657731,1.86,2.1,1.71,0.13,1.8,6,359.53,360.0,357.17,1.05,6,2033,2047,
2018-08-15 23:59:50.619906,1.76,2.1,1.38,0.21,1.77,6,354.25,360.0,347.05,5.14,6,1983,2047,
