2019-01-29 00:00:59.246024,0.0,0.0,61,0,
2019-01-29 00:01:59.099047,0.0,0.0,61,0,
2019-01-29 00:02:59.933238,0.0,0.0,62,0,
2019-01-29 00:03:59.786854,0.0,0.0,61,0,
2019-01-29 00:04:59.639783,0.0,0.0,61,0,
2019-01-29 00:05:59.490691,0.0,0.0,61,0,
2019-01-29 00:06:59.342603,0.0,0.0,61,0,
2019-01-29 00:07:59.194962,0.0,0.0,61,0,
2019-01-29 00:08:59.046689,0.0,0.0,61,0,
2019-01-29 00:09:59.880324,0.0,0.0,62,0,
2019-01-29 00:10:59.732414,0.0,0.0,61,0,
2019-01-29 00:11:59.583271,0.0,0.0,61,0,
2019-01-29 00:12:59.434208,0.0,0.0,61,0,
2019-01-29 00:13:59.286897,0.0,0.0,61,0,
2019-01-29 00:14:59.140595,0.0,0.0,61,0,
2019-01-29 00:15:59.974396,0.0,0.0,62,0,
2019-01-29 00:16:59.827144,0.0,0.0,61,0,
2019-01-29 00:17:59.679239,0.0,0.0,61,0,
2019-01-29 00:18:59.531391,0.0,0.0,61,0,
2019-01-29 00:19:59.382152,0.0,0.0,61,0,
2019-01-29 00:20:59.233850,0.0,0.0,61,0,
2019-01-29 00:21:59.086522,0.0,0.0,61,0,
2019-01-29 00:22:59.921743,0.0,0.0,62,0,
2019-01-29 00:23:59.775370,0.0,0.0,61,0,
2019-01-29 00:24:59.628431,0.0,0.0,61,0,
2019-01-29 00:25:59.480472,0.0,0.0,61,0,
2019-01-29 00:26:59.332601,0.0,0.0,61,0,
2019-01-29 00:27:59.184226,0.0,0.0,61,0,
2019-01-29 00:28:59.036217,0.0,0.0,61,0,
2019-01-29 00:29:59.869630,0.0,0.0,62,0,
2019-01-29 00:30:59.721833,0.0,0.0,61,0,
2019-01-29 00:31:59.573857,0.0,0.0,61,0,
2019-01-29 00:32:59.425782,0.0,0.0,61,0,
2019-01-29 00:33:59.277888,0.0,0.0,61,0,
2019-01-29 00:34:59.129974,0.0,0.0,61,0,
2019-01-29 00:35:59.963352,0.0,0.0,62,0,
2019-01-29 00:36:59.816353,0.0,0.0,61,0,
2019-01-29 00:37:59.671437,0.0,0.0,61,0,
2019-01-29 00:38:59.525478,0.0,0.0,61,0,
2019-01-29 00:39:59.378876,0.0,0.0,61,0,
2019-01-29 00:40:59.231836,0.0,0.0,61,0,
2019-01-29 00:41:59.084763,0.0,0.0,61,0,
2019-01-29 00:42:59.920073,0.0,0.0,62,0,
2019-01-29 00:43:59.773558,0.0,0.0,61,0,
2019-01-29 00:44:59.626639,0.0,0.0,61,0,
2019-01-29 00:45:59.480284,0.0,0.0,61,0,
2019-01-29 00:46:59.333667,0.0,0.0,61,0,
2019-01-29 00:47:59.187724,0.0,0.0,61,0,
2019-01-29 00:48:59.041625,0.0,0.0,61,0,
2019-01-29 00:49:59.876630,0.0,0.0,62,0,
2019-01-29 00:50:59.730152,0.0,0.0,61,0,
2019-01-29 00:51:59.585422,0.0,0.0,61,0,
2019-01-29 00:52:59.439259,0.0,0.0,61,0,
2019-01-29 00:53:59.292693,0.0,0.0,61,0,
2019-01-29 00:54:59.145713,0.0,0.0,61,0,
2019-01-29 00:55:59.980098,0.0,0.0,62,0,
2019-01-29 00:56:59.831741,0.0,0.0,61,0,
2019-01-29 00:57:59.683471,0.0,0.0,61,0,
2019-01-29 00:58:59.535501,0.0,0.0,61,0,
2019-01-29 00:59:59.386202,0.0,0.0,61,0,
2019-01-29 01:00:59.239011,0.0,0.0,61,0,
2019-01-29 01:01:59.092435,0.0,0.0,61,0,
2019-01-29 01:02:59.926841,0.0,0.0,62,0,
2019-01-29 01:03:59.779924,0.0,0.0,61,0,
2019-01-29 01:04:59.632916,0.0,0.0,61,0,
2019-01-29 01:05:59.486080,0.0,0.0,61,0,
2019-01-29 01:06:59.339032,0.0,0.0,61,0,
2019-01-29 01:07:59.192747,0.0,0.0,61,0,
2019-01-29 01:08:59.044549,0.0,0.0,61,0,
2019-01-29 01:09:59.877350,0.0,0.0,62,0,
2019-01-29 01:10:59.729616,0.0,0.0,61,0,
2019-01-29 01:11:59.581504,0.0,0.0,61,0,
2019-01-29 01:12:59.434497,0.0,0.0,61,0,
2019-01-29 01:13:59.288289,0.0,0.0,61,0,
2019-01-29 01:14:59.141559,0.0,0.0,61,0,
2019-01-29 01:15:59.975856,0.0,0.0,62,0,
2019-01-29 01:16:59.829298,0.0,0.0,61,0,
2019-01-29 01:17:59.683137,0.0,0.0,61,0,
2019-01-29 01:18:59.536974,0.0,0.0,61,0,
2019-01-29 01:19:59.390672,0.0,0.0,61,0,
2019-01-29 01:20:59.244464,0.0,0.0,61,0,
2019-01-29 01:21:59.097637,0.0,0.0,61,0,
2019-01-29 01:22:59.932315,0.0,0.0,62,0,
2019-01-29 01:23:59.784985,0.0,0.0,61,0,
2019-01-29 01:24:59.636483,0.0,0.0,61,0,
2019-01-29 01:25:59.489833,0.0,0.0,61,0,
2019-01-29 01:26:59.343621,0.0,0.0,61,0,
2019-01-29 01:27:59.196974,0.0,0.0,61,0,
2019-01-29 01:28:59.050717,0.0,0.0,61,0,
2019-01-29 01:29:59.885705,0.0,0.0,62,0,
2019-01-29 01:30:59.739388,0.0,0.0,61,0,
2019-01-29 01:31:59.592347,0.0,0.0,61,0,
2019-01-29 01:32:59.445769,0.0,0.0,61,0,
2019-01-29 01:33:59.299611,0.0,0.0,61,0,
2019-01-29 01:34:59.153505,0.0,0.0,61,0,
2019-01-29 01:35:59.987624,0.0,0.0,62,0,
2019-01-29 01:36:59.840757,0.0,0.0,61,0,
2019-01-29 01:37:59.694572,0.0,0.0,61,0,
2019-01-29 01:38:59.546982,0.0,0.0,61,0,
2019-01-29 01:39:59.400529,0.0,0.0,61,0,
2019-01-29 01:40:59.254158,0.0,0.0,61,0,
2019-01-29 01:41:59.107599,0.0,0.0,61,0,
2019-01-29 01:42:59.943918,0.0,0.0,62,0,
2019-01-29 01:43:59.797732,0.0,0.0,61,0,
2019-01-29 01:44:59.651637,0.0,0.0,61,0,
2019-01-29 01:45:59.504821,0.0,0.0,61,0,
2019-01-29 01:46:59.358125,0.0,0.0,61,0,
2019-01-29 01:47:59.211778,0.0,0.0,61,0,
2019-01-29 01:48:59.064750,0.0,0.0,61,0,
2019-01-29 01:49:59.897389,0.0,0.0,62,0,
2019-01-29 01:50:59.751103,0.0,0.0,61,0,
2019-01-29 01:51:59.604167,0.0,0.0,61,0,
2019-01-29 01:52:59.457698,0.0,0.0,61,0,
2019-01-29 01:53:59.311309,0.0,0.0,61,0,
2019-01-29 01:54:59.164135,0.0,0.0,61,0,
2019-01-29 01:55:59.999361,0.0,0.0,62,0,
2019-01-29 01:56:59.852372,0.0,0.0,61,0,
2019-01-29 01:57:59.706425,0.0,0.0,61,0,
2019-01-29 01:58:59.559331,0.0,0.0,61,0,
2019-01-29 01:59:59.413139,0.0,0.0,61,0,
2019-01-29 02:00:59.265344,0.0,0.0,61,0,
2019-01-29 02:01:59.119298,0.0,0.0,61,0,
2019-01-29 02:02:59.955551,0.0,0.0,62,0,
2019-01-29 02:03:59.809474,0.0,0.0,61,0,
2019-01-29 02:04:59.663250,0.0,0.0,61,0,
2019-01-29 02:05:59.515327,0.0,0.0,61,0,
2019-01-29 02:06:59.367751,0.0,0.0,61,0,
2019-01-29 02:07:59.221755,0.0,0.0,61,0,
2019-01-29 02:08:59.075575,0.0,0.0,61,0,
2019-01-29 02:09:59.910302,0.0,0.0,62,0,
2019-01-29 02:10:59.764211,0.0,0.0,61,0,
2019-01-29 02:11:59.615495,0.0,0.0,61,0,
2019-01-29 02:12:59.469513,0.0,0.0,61,0,
2019-01-29 02:13:59.322663,0.0,0.0,61,0,
2019-01-29 02:14:59.176181,0.0,0.0,61,0,
2019-01-29 02:15:59.029502,0.0,0.0,61,0,
2019-01-29 02:16:59.864202,0.0,0.0,62,0,
2019-01-29 02:17:59.717287,0.0,0.0,61,0,
2019-01-29 02:18:59.571098,0.0,0.0,61,0,
2019-01-29 02:19:59.424125,0.0,0.0,61,0,
2019-01-29 02:20:59.277441,0.0,0.0,61,0,
2019-01-29 02:21:59.130825,0.0,0.0,61,0,
2019-01-29 02:22:59.965414,0.0,0.0,62,0,
2019-01-29 02:23:59.818692,0.0,0.0,61,0,
2019-01-29 02:24:59.670796,0.0,0.0,61,0,
2019-01-29 02:25:59.523135,0.0,0.0,61,0,
2019-01-29 02:26:59.375761,0.0,0.0,61,0,
2019-01-29 02:27:59.227621,0.0,0.0,61,0,
2019-01-29 02:28:59.080780,0.0,0.0,61,0,
2019-01-29 02:29:59.915539,0.0,0.0,62,0,
2019-01-29 02:30:59.769208,0.0,0.0,61,0,
2019-01-29 02:31:59.622382,0.0,0.0,61,0,
2019-01-29 02:32:59.474657,0.0,0.0,61,0,
2019-01-29 02:33:59.326707,0.0,0.0,61,0,
2019-01-29 02:34:59.179071,0.0,0.0,61,0,
2019-01-29 02:35:59.032664,0.0,0.0,61,0,
2019-01-29 02:36:59.865731,0.0,0.0,62,0,
2019-01-29 02:37:59.717695,0.0,0.0,61,0,
2019-01-29 02:38:59.569225,0.0,0.0,61,0,
2019-01-29 02:39:59.421659,0.0,0.0,61,0,
2019-01-29 02:40:59.271678,0.0,0.0,61,0,
2019-01-29 02:41:59.122075,0.0,0.0,61,0,
2019-01-29 02:42:59.954208,0.0,0.0,62,0,
2019-01-29 02:43:59.805331,0.0,0.0,61,0,
2019-01-29 02:44:59.654510,0.0,0.0,61,0,
2019-01-29 02:45:59.505344,0.0,0.0,61,0,
2019-01-29 02:46:59.356374,0.0,0.0,61,0,
2019-01-29 02:47:59.206651,0.0,0.0,61,0,
2019-01-29 02:48:59.055884,0.0,0.0,61,0,
2019-01-29 02:49:59.887683,0.0,0.0,62,0,
2019-01-29 02:50:59.737700,0.0,0.0,61,0,
2019-01-29 02:51:59.588631,0.0,0.0,61,0,
2019-01-29 02:52:59.439580,0.0,0.0,61,0,
2019-01-29 02:53:59.290558,0.0,0.0,61,0,
2019-01-29 02:54:59.141848,0.0,0.0,61,0,
2019-01-29 02:55:59.973898,0.0,0.0,62,0,
2019-01-29 02:56:59.827248,0.0,0.0,61,0,
2019-01-29 02:57:59.680940,0.0,0.0,61,0,
2019-01-29 02:58:59.533001,0.0,0.0,61,0,
2019-01-29 02:59:59.386789,0.0,0.0,61,0,
2019-01-29 03:00:59.237421,0.0,0.0,61,0,
2019-01-29 03:01:59.089782,0.0,0.0,61,0,
2019-01-29 03:02:59.922150,0.0,0.0,62,0,
2019-01-29 03:03:59.772659,0.0,0.0,61,0,
2019-01-29 03:04:59.623031,0.0,0.0,61,0,
2019-01-29 03:05:59.474121,0.0,0.0,61,0,
2019-01-29 03:06:59.324710,0.0,0.0,61,0,
2019-01-29 03:07:59.174394,0.0,0.0,61,0,
2019-01-29 03:08:59.024990,0.0,0.0,61,0,
2019-01-29 03:09:59.856516,0.0,0.0,62,0,
2019-01-29 03:10:59.708486,0.0,0.0,61,0,
2019-01-29 03:11:59.561704,0.0,0.0,61,0,
2019-01-29 03:12:59.414791,0.0,0.0,61,0,
2019-01-29 03:13:59.266877,0.0,0.0,61,0,
2019-01-29 03:14:59.119471,0.0,0.0,61,0,
2019-01-29 03:15:59.954160,0.0,0.0,62,0,
2019-01-29 03:16:59.805794,0.0,0.0,61,0,
2019-01-29 03:17:59.656893,0.0,0.0,61,0,
2019-01-29 03:18:59.508040,0.0,0.0,61,0,
2019-01-29 03:19:59.359271,0.0,0.0,61,0,
2019-01-29 03:20:59.210729,0.0,0.0,61,0,
2019-01-29 03:21:59.061979,0.0,0.0,61,0,
2019-01-29 03:22:59.894259,0.0,0.0,62,0,
2019-01-29 03:23:59.745007,0.0,0.0,61,0,
2019-01-29 03:24:59.595309,0.0,0.0,61,0,
2019-01-29 03:25:59.446342,0.0,0.0,61,0,
2019-01-29 03:26:59.297390,0.0,0.0,61,0,
2019-01-29 03:27:59.148519,0.0,0.0,61,0,
2019-01-29 03:28:59.980764,0.0,0.0,62,0,
2019-01-29 03:29:59.832245,0.0,0.0,61,0,
2019-01-29 03:30:59.682856,0.0,0.0,61,0,
2019-01-29 03:31:59.533517,0.0,0.0,61,0,
2019-01-29 03:32:59.384241,0.0,0.0,61,0,
2019-01-29 03:33:59.236372,0.0,0.0,61,0,
2019-01-29 03:34:59.087805,0.0,0.0,61,0,
2019-01-29 03:35:59.920452,0.0,0.0,62,0,
2019-01-29 03:36:59.771251,0.0,0.0,61,0,
2019-01-29 03:37:59.621432,0.0,0.0,61,0,
2019-01-29 03:38:59.472373,0.0,0.0,61,0,
2019-01-29 03:39:59.323689,0.0,0.0,61,0,
2019-01-29 03:40:59.173778,0.0,0.0,61,0,
2019-01-29 03:41:59.024264,0.0,0.0,61,0,
2019-01-29 03:42:59.855934,0.0,0.0,62,0,
2019-01-29 03:43:59.706146,0.0,0.0,61,0,
2019-01-29 03:44:59.556563,0.0,0.0,61,0,
2019-01-29 03:45:59.407749,0.0,0.0,61,0,
2019-01-29 03:46:59.258614,0.0,0.0,61,0,
2019-01-29 03:47:59.109060,0.0,0.0,61,0,
2019-01-29 03:48:59.941083,0.0,0.0,62,0,
2019-01-29 03:49:59.791875,0.0,0.0,61,0,
2019-01-29 03:50:59.642772,0.0,0.0,61,0,
2019-01-29 03:51:59.493356,0.0,0.0,61,0,
2019-01-29 03:52:59.344284,0.0,0.0,61,0,
2019-01-29 03:53:59.194983,0.0,0.0,61,0,
2019-01-29 03:54:59.045550,0.0,0.0,61,0,
2019-01-29 03:55:59.884983,0.0,0.0,62,0,
2019-01-29 03:56:59.736526,0.0,0.0,61,0,
2019-01-29 03:57:59.587465,0.0,0.0,61,0,
2019-01-29 03:58:59.437977,0.0,0.0,61,0,
2019-01-29 03:59:59.288763,0.0,0.0,61,0,
2019-01-29 04:00:59.140411,0.0,0.0,61,0,
2019-01-29 04:01:59.973071,0.0,0.0,62,0,
2019-01-29 04:02:59.824685,0.0,0.0,61,0,
2019-01-29 04:03:59.675243,0.0,0.0,61,0,
2019-01-29 04:04:59.526128,0.0,0.0,61,0,
2019-01-29 04:05:59.376163,0.0,0.0,61,0,
2019-01-29 04:06:59.226576,0.0,0.0,61,0,
2019-01-29 04:07:59.076456,0.0,0.0,61,0,
2019-01-29 04:08:59.908942,0.0,0.0,62,0,
2019-01-29 04:09:59.759946,0.0,0.0,61,0,
2019-01-29 04:10:59.610986,0.0,0.0,61,0,
2019-01-29 04:11:59.463496,0.0,0.0,61,0,
2019-01-29 04:12:59.315349,0.0,0.0,61,0,
2019-01-29 04:13:59.166705,0.0,0.0,61,0,
2019-01-29 04:14:59.998584,0.0,0.0,62,0,
2019-01-29 04:15:59.849378,0.0,0.0,61,0,
2019-01-29 04:16:59.699855,0.0,0.0,61,0,
2019-01-29 04:17:59.550563,0.0,0.0,61,0,
2019-01-29 04:18:59.401602,0.0,0.0,61,0,
2019-01-29 04:19:59.252403,0.0,0.0,61,0,
2019-01-29 04:20:59.107004,0.0,0.0,61,0,
2019-01-29 04:21:59.938831,0.0,0.0,62,0,
2019-01-29 04:22:59.789512,0.0,0.0,61,0,
2019-01-29 04:23:59.640352,0.0,0.0,61,0,
2019-01-29 04:24:59.495225,0.0,0.0,61,0,
2019-01-29 04:25:59.347020,0.0,0.0,61,0,
2019-01-29 04:26:59.198199,0.0,0.0,61,0,
2019-01-29 04:27:59.050770,0.0,0.0,61,0,
2019-01-29 04:28:59.885729,0.0,0.0,62,0,
2019-01-29 04:29:59.739051,0.0,0.0,61,0,
2019-01-29 04:30:59.592917,0.0,0.0,61,0,
2019-01-29 04:31:59.445398,0.0,0.0,61,0,
2019-01-29 04:32:59.296902,0.0,0.0,61,0,
2019-01-29 04:33:59.149338,0.0,0.0,61,0,
2019-01-29 04:34:59.982730,0.0,0.0,62,0,
2019-01-29 04:35:59.835200,0.0,0.0,61,0,
2019-01-29 04:36:59.687892,0.0,0.0,61,0,
2019-01-29 04:37:59.539686,0.0,0.0,61,0,
2019-01-29 04:38:59.391626,0.0,0.0,61,0,
2019-01-29 04:39:59.243482,0.0,0.0,61,0,
2019-01-29 04:40:59.095744,0.0,0.0,61,0,
2019-01-29 04:41:59.931076,0.0,0.0,62,0,
2019-01-29 04:42:59.784764,0.0,0.0,61,0,
2019-01-29 04:43:59.638978,0.0,0.0,61,0,
2019-01-29 04:44:59.492923,0.0,0.0,61,0,
2019-01-29 04:45:59.345897,0.0,0.0,61,0,
2019-01-29 04:46:59.198513,0.0,0.0,61,0,
2019-01-29 04:47:59.052627,0.0,0.0,61,0,
2019-01-29 04:48:59.886393,0.0,0.0,62,0,
2019-01-29 04:49:59.739468,0.0,0.0,61,0,
2019-01-29 04:50:59.593315,0.0,0.0,61,0,
2019-01-29 04:51:59.445867,0.0,0.0,61,0,
2019-01-29 04:52:59.299916,0.0,0.0,61,0,
2019-01-29 04:53:59.153430,0.0,0.0,61,0,
2019-01-29 04:54:59.986159,0.0,0.0,62,0,
2019-01-29 04:55:59.839012,0.0,0.0,61,0,
2019-01-29 04:56:59.692757,0.0,0.0,61,0,
2019-01-29 04:57:59.545484,0.0,0.0,61,0,
2019-01-29 04:58:59.399749,0.0,0.0,61,0,
2019-01-29 04:59:59.253037,0.0,0.0,61,0,
2019-01-29 05:00:59.105870,0.0,0.0,61,0,
2019-01-29 05:01:59.939801,0.0,0.0,62,0,
2019-01-29 05:02:59.791686,0.0,0.0,61,0,
2019-01-29 05:03:59.643675,0.0,0.0,61,0,
2019-01-29 05:04:59.495643,0.0,0.0,61,0,
2019-01-29 05:05:59.348527,0.0,0.0,61,0,
2019-01-29 05:06:59.201185,0.0,0.0,61,0,
2019-01-29 05:07:59.054304,0.0,0.0,61,0,
2019-01-29 05:08:59.888854,0.0,0.0,62,0,
2019-01-29 05:09:59.742904,0.0,0.0,61,0,
2019-01-29 05:10:59.595912,0.0,0.0,61,0,
2019-01-29 05:11:59.446680,0.0,0.0,61,0,
2019-01-29 05:12:59.300804,0.0,0.0,61,0,
2019-01-29 05:13:59.151778,0.0,0.0,61,0,
2019-01-29 05:14:59.987990,0.0,0.0,62,0,
2019-01-29 05:15:59.841441,0.0,0.0,61,0,
2019-01-29 05:16:59.695447,0.0,0.0,61,0,
2019-01-29 05:17:59.549305,0.0,0.0,61,0,
2019-01-29 05:18:59.402385,0.0,0.0,61,0,
2019-01-29 05:19:59.254750,0.0,0.0,61,0,
2019-01-29 05:20:59.106734,0.0,0.0,61,0,
2019-01-29 05:21:59.941844,0.0,0.0,62,0,
2019-01-29 05:22:59.796106,0.0,0.0,61,0,
2019-01-29 05:23:59.650097,0.0,0.0,61,0,
2019-01-29 05:24:59.502123,0.0,0.0,61,0,
2019-01-29 05:25:59.356692,0.0,0.0,61,0,
2019-01-29 05:26:59.210575,0.0,0.0,61,0,
2019-01-29 05:27:59.064697,0.0,0.0,61,0,
2019-01-29 05:28:59.899320,0.0,0.0,62,0,
2019-01-29 05:29:59.752625,0.0,0.0,61,0,
2019-01-29 05:30:59.606453,0.0,0.0,61,0,
2019-01-29 05:31:59.459516,0.0,0.0,61,0,
2019-01-29 05:32:59.311736,0.0,0.0,61,0,
2019-01-29 05:33:59.166356,0.0,0.0,61,0,
2019-01-29 05:34:59.020017,0.0,0.0,61,0,
2019-01-29 05:35:59.854685,0.0,0.0,62,0,
2019-01-29 05:36:59.708848,0.0,0.0,61,0,
2019-01-29 05:37:59.561410,0.0,0.0,61,0,
2019-01-29 05:38:59.415799,0.0,0.0,61,0,
2019-01-29 05:39:59.269417,0.0,0.0,61,0,
2019-01-29 05:40:59.122414,0.0,0.0,61,0,
2019-01-29 05:41:59.956308,0.0,0.0,62,0,
2019-01-29 05:42:59.808240,0.0,0.0,61,0,
2019-01-29 05:43:59.662539,0.0,0.0,61,0,
2019-01-29 05:44:59.516011,0.0,0.0,61,0,
2019-01-29 05:45:59.370353,0.0,0.0,61,0,
2019-01-29 05:46:59.224053,0.0,0.0,61,0,
2019-01-29 05:47:59.077906,0.0,0.0,61,0,
2019-01-29 05:48:59.913751,0.0,0.0,62,0,
2019-01-29 05:49:59.768194,0.0,0.0,61,0,
2019-01-29 05:50:59.621477,0.0,0.0,61,0,
2019-01-29 05:51:59.475471,0.0,0.0,61,0,
2019-01-29 05:52:59.329692,0.0,0.0,61,0,
2019-01-29 05:53:59.183778,0.0,0.0,61,0,
2019-01-29 05:54:59.036983,0.0,0.0,61,0,
2019-01-29 05:55:59.871733,0.0,0.0,62,0,
2019-01-29 05:56:59.725251,0.0,0.0,61,0,
2019-01-29 05:57:59.579223,0.0,0.0,61,0,
2019-01-29 05:58:59.432571,0.0,0.0,61,0,
2019-01-29 05:59:59.283409,0.0,0.0,61,0,
2019-01-29 06:00:59.135029,0.0,0.0,61,0,
2019-01-29 06:01:59.967214,0.0,0.0,62,0,
2019-01-29 06:02:59.816929,0.0,0.0,61,0,
2019-01-29 06:03:59.667848,0.0,0.0,61,0,
2019-01-29 06:04:59.519144,0.0,0.0,61,0,
2019-01-29 06:05:59.370434,0.0,0.0,61,0,
2019-01-29 06:06:59.221777,0.0,0.0,61,0,
2019-01-29 06:07:59.072618,0.0,0.0,61,0,
2019-01-29 06:08:59.906592,0.0,0.0,62,0,
2019-01-29 06:09:59.759579,0.0,0.0,61,0,
2019-01-29 06:10:59.612172,0.0,0.0,61,0,
2019-01-29 06:11:59.463920,0.0,0.0,61,0,
2019-01-29 06:12:59.316344,0.0,0.0,61,0,
2019-01-29 06:13:59.172329,0.0,0.0,61,0,
2019-01-29 06:14:59.024534,0.0,0.0,61,0,
2019-01-29 06:15:59.858090,0.0,0.0,62,0,
2019-01-29 06:16:59.711748,0.0,0.0,61,0,
2019-01-29 06:17:59.565109,0.0,0.0,61,0,
2019-01-29 06:18:59.419108,0.0,0.0,61,0,
2019-01-29 06:19:59.273447,0.0,0.0,61,0,
2019-01-29 06:20:59.126446,0.0,0.0,61,0,
2019-01-29 06:21:59.960529,0.0,0.0,62,0,
2019-01-29 06:22:59.814000,0.0,0.0,61,0,
2019-01-29 06:23:59.667145,0.0,0.0,61,0,
2019-01-29 06:24:59.520406,0.0,0.0,61,0,
2019-01-29 06:25:59.373502,0.0,0.0,61,0,
2019-01-29 06:26:59.228423,0.0,0.0,61,0,
2019-01-29 06:27:59.081224,0.0,0.0,61,0,
2019-01-29 06:28:59.915258,0.0,0.0,62,0,
2019-01-29 06:29:59.768337,0.0,0.0,61,0,
2019-01-29 06:30:59.621763,0.0,0.0,61,0,
2019-01-29 06:31:59.475273,0.0,0.0,61,0,
2019-01-29 06:32:59.328491,0.0,0.0,61,0,
2019-01-29 06:33:59.181657,0.0,0.0,61,0,
2019-01-29 06:34:59.034595,0.0,0.0,61,0,
2019-01-29 06:35:59.868533,0.0,0.0,62,0,
2019-01-29 06:36:59.721407,0.0,0.0,61,0,
2019-01-29 06:37:59.573562,0.0,0.0,61,0,
2019-01-29 06:38:59.426347,0.0,0.0,61,0,
2019-01-29 06:39:59.280287,0.0,0.0,61,0,
2019-01-29 06:40:59.134068,0.0,0.0,61,0,
2019-01-29 06:41:59.968212,0.0,0.0,62,0,
2019-01-29 06:42:59.821850,0.0,0.0,61,0,
2019-01-29 06:43:59.675538,0.0,0.0,61,0,
2019-01-29 06:44:59.527455,0.0,0.0,61,0,
2019-01-29 06:45:59.378710,0.0,0.0,61,0,
2019-01-29 06:46:59.230415,0.0,0.0,61,0,
2019-01-29 06:47:59.081702,0.0,0.0,61,0,
2019-01-29 06:48:59.914242,0.0,0.0,62,0,
2019-01-29 06:49:59.766187,0.0,0.0,61,0,
2019-01-29 06:50:59.618262,0.0,0.0,61,0,
2019-01-29 06:51:59.470504,0.0,0.0,61,0,
2019-01-29 06:52:59.324116,0.0,0.0,61,0,
2019-01-29 06:53:59.177156,0.0,0.0,61,0,
2019-01-29 06:54:59.030599,0.0,0.0,61,0,
2019-01-29 06:55:59.865632,0.0,0.0,62,0,
2019-01-29 06:56:59.718435,0.0,0.0,61,0,
2019-01-29 06:57:59.570742,0.0,0.0,61,0,
2019-01-29 06:58:59.422621,0.0,0.0,61,0,
2019-01-29 06:59:59.274013,0.0,0.0,61,0,
2019-01-29 07:00:59.126355,0.0,0.0,61,0,
2019-01-29 07:01:59.959072,0.0,0.0,62,0,
2019-01-29 07:02:59.811847,0.0,0.0,61,0,
2019-01-29 07:03:59.663401,0.0,0.0,61,0,
2019-01-29 07:04:59.516096,0.0,0.0,61,0,
2019-01-29 07:05:59.368600,0.0,0.0,61,0,
2019-01-29 07:06:59.221276,0.0,0.0,61,0,
2019-01-29 07:07:59.073610,0.0,0.0,61,0,
2019-01-29 07:08:59.906565,0.0,0.0,62,0,
2019-01-29 07:09:59.760064,0.0,0.0,61,0,
2019-01-29 07:10:59.612522,0.0,0.0,61,0,
2019-01-29 07:11:59.464100,0.0,0.0,61,0,
2019-01-29 07:12:59.315892,0.0,0.0,61,0,
2019-01-29 07:13:59.169061,0.0,0.0,61,0,
2019-01-29 07:14:59.022138,0.0,0.0,61,0,
2019-01-29 07:15:59.855753,0.0,0.0,62,0,
2019-01-29 07:16:59.708606,0.0,0.0,61,0,
2019-01-29 07:17:59.561771,0.0,0.0,61,0,
2019-01-29 07:18:59.414781,0.0,0.0,61,0,
2019-01-29 07:19:59.268281,0.0,0.0,61,0,
2019-01-29 07:20:59.127062,0.0,0.0,61,0,
2019-01-29 07:21:59.961242,0.0,0.0,62,0,
2019-01-29 07:22:59.813902,0.0,0.0,61,0,
2019-01-29 07:23:59.667062,0.0,0.0,61,0,
2019-01-29 07:24:59.520044,0.0,0.0,61,0,
2019-01-29 07:25:59.372977,0.0,0.0,61,0,
2019-01-29 07:26:59.226899,0.0,0.0,61,0,
2019-01-29 07:27:59.079548,0.0,0.0,61,0,
2019-01-29 07:28:59.912883,0.0,0.0,62,0,
2019-01-29 07:29:59.765014,0.0,0.0,61,0,
2019-01-29 07:30:59.618150,0.0,0.0,61,0,
2019-01-29 07:31:59.470463,0.0,0.0,61,0,
2019-01-29 07:32:59.324281,0.0,0.0,61,0,
2019-01-29 07:33:59.178818,0.0,0.0,61,0,
2019-01-29 07:34:59.031782,0.0,0.0,61,0,
2019-01-29 07:35:59.866439,0.0,0.0,62,0,
2019-01-29 07:36:59.718867,0.0,0.0,61,0,
2019-01-29 07:37:59.571759,0.0,0.0,61,0,
2019-01-29 07:38:59.424112,0.0,0.0,61,0,
2019-01-29 07:39:59.277090,0.0,0.0,61,0,
2019-01-29 07:40:59.130017,0.0,0.0,61,0,
2019-01-29 07:41:59.965823,0.0,0.0,62,0,
2019-01-29 07:42:59.818080,0.0,0.0,61,0,
2019-01-29 07:43:59.670319,0.0,0.0,61,0,
2019-01-29 07:44:59.522769,0.0,0.0,61,0,
2019-01-29 07:45:59.375566,0.0,0.0,61,0,
2019-01-29 07:46:59.228159,0.0,0.0,61,0,
2019-01-29 07:47:59.081089,0.0,0.0,61,0,
2019-01-29 07:48:59.914801,0.0,0.0,62,0,
2019-01-29 07:49:59.767459,0.0,0.0,61,0,
2019-01-29 07:50:59.620797,0.0,0.0,61,0,
2019-01-29 07:51:59.473655,0.0,0.0,61,0,
2019-01-29 07:52:59.326082,0.0,0.0,61,0,
2019-01-29 07:53:59.178747,0.0,0.0,61,0,
2019-01-29 07:54:59.031108,0.0,0.0,61,0,
2019-01-29 07:55:59.864002,0.0,0.0,62,0,
2019-01-29 07:56:59.715752,0.0,0.0,61,0,
2019-01-29 07:57:59.568707,0.0,0.0,61,0,
2019-01-29 07:58:59.421213,0.0,0.0,61,0,
2019-01-29 07:59:59.274083,0.0,0.0,61,0,
2019-01-29 08:00:59.125942,0.0,0.0,61,0,
2019-01-29 08:01:59.959816,0.0,0.0,62,0,
2019-01-29 08:02:59.812281,0.0,0.0,61,0,
2019-01-29 08:03:59.664865,0.0,0.0,61,0,
2019-01-29 08:04:59.516453,0.0,0.0,61,0,
2019-01-29 08:05:59.369815,0.0,0.0,61,0,
2019-01-29 08:06:59.224060,0.0,0.0,61,0,
2019-01-29 08:07:59.076876,0.0,0.0,61,0,
2019-01-29 08:08:59.911077,0.0,0.0,62,0,
2019-01-29 08:09:59.762762,0.0,0.0,61,0,
2019-01-29 08:10:59.613708,0.0,0.0,61,0,
2019-01-29 08:11:59.466689,0.0,0.0,61,0,
2019-01-29 08:12:59.319188,0.0,0.0,61,0,
2019-01-29 08:13:59.171279,0.0,0.0,61,0,
2019-01-29 08:14:59.023565,0.0,0.0,61,0,
2019-01-29 08:15:59.855737,0.0,0.0,62,0,
2019-01-29 08:16:59.710057,0.0,0.0,61,0,
2019-01-29 08:17:59.562270,0.0,0.0,61,0,
2019-01-29 08:18:59.414654,0.0,0.0,61,0,
2019-01-29 08:19:59.268044,0.0,0.0,61,0,
2019-01-29 08:20:59.120298,0.0,0.0,61,0,
2019-01-29 08:21:59.953952,0.0,0.0,62,0,
2019-01-29 08:22:59.805083,0.0,0.0,61,0,
2019-01-29 08:23:59.656424,0.0,0.0,61,0,
2019-01-29 08:24:59.508640,0.0,0.0,61,0,
2019-01-29 08:25:59.361486,0.0,0.0,61,0,
2019-01-29 08:26:59.213942,0.0,0.0,61,0,
2019-01-29 08:27:59.065734,0.0,0.0,61,0,
2019-01-29 08:28:59.899135,0.0,0.0,62,0,
2019-01-29 08:29:59.751596,0.0,0.0,61,0,
2019-01-29 08:30:59.603509,0.0,0.0,61,0,
2019-01-29 08:31:59.455330,0.0,0.0,61,0,
2019-01-29 08:32:59.306547,0.0,0.0,61,0,
2019-01-29 08:33:59.157646,0.0,0.0,61,0,
2019-01-29 08:34:59.991897,0.0,0.0,62,0,
2019-01-29 08:35:59.843708,0.0,0.0,61,0,
2019-01-29 08:36:59.695381,0.0,0.0,61,0,
2019-01-29 08:37:59.548076,0.0,0.0,61,0,
2019-01-29 08:38:59.400297,0.0,0.0,61,0,
2019-01-29 08:39:59.252831,0.0,0.0,61,0,
2019-01-29 08:40:59.108881,0.0,0.0,61,0,
2019-01-29 08:41:59.946148,0.0,0.0,62,0,
2019-01-29 08:42:59.797641,0.0,0.0,61,0,
2019-01-29 08:43:59.649519,0.0,0.0,61,0,
2019-01-29 08:44:59.501670,0.0,0.0,61,0,
2019-01-29 08:45:59.353181,0.0,0.0,61,0,
2019-01-29 08:46:59.204889,0.0,0.0,61,0,
2019-01-29 08:47:59.056832,0.0,0.0,61,0,
2019-01-29 08:48:59.889718,0.0,0.0,62,0,
2019-01-29 08:49:59.741347,0.0,0.0,61,0,
2019-01-29 08:50:59.592880,0.0,0.0,61,0,
2019-01-29 08:51:59.444694,0.0,0.0,61,0,
2019-01-29 08:52:59.296170,0.0,0.0,61,0,
2019-01-29 08:53:59.147692,0.0,0.0,61,0,
2019-01-29 08:54:59.980519,0.0,0.0,62,0,
2019-01-29 08:55:59.831952,0.0,0.0,61,0,
2019-01-29 08:56:59.683317,0.0,0.0,61,0,
2019-01-29 08:57:59.534563,0.0,0.0,61,0,
2019-01-29 08:58:59.385589,0.0,0.0,61,0,
2019-01-29 08:59:59.236257,0.0,0.0,61,0,
2019-01-29 09:00:59.092349,0.0,0.0,61,0,
2019-01-29 09:01:59.925056,0.0,0.0,62,0,
2019-01-29 09:02:59.777639,0.0,0.0,61,0,
2019-01-29 09:03:59.636043,0.0,0.0,61,0,
2019-01-29 09:04:59.490569,0.0,0.0,61,0,
2019-01-29 09:05:59.344603,0.0,0.0,61,0,
2019-01-29 09:06:59.198467,0.0,0.0,61,0,
2019-01-29 09:07:59.053619,0.0,0.0,61,0,
2019-01-29 09:08:59.888446,0.0,0.0,62,0,
2019-01-29 09:09:59.741354,0.0,0.0,61,0,
2019-01-29 09:10:59.594964,0.0,0.0,61,0,
2019-01-29 09:11:59.448239,0.0,0.0,61,0,
2019-01-29 09:12:59.301464,0.0,0.0,61,0,
2019-01-29 09:13:59.154666,0.0,0.0,61,0,
2019-01-29 09:14:59.989755,0.0,0.0,62,0,
2019-01-29 09:15:59.842372,0.0,0.0,61,0,
2019-01-29 09:16:59.695619,0.0,0.0,61,0,
2019-01-29 09:17:59.548853,0.0,0.0,61,0,
2019-01-29 09:18:59.401988,0.0,0.0,61,0,
2019-01-29 09:19:59.255115,0.0,0.0,61,0,
2019-01-29 09:20:59.108425,0.0,0.0,61,0,
2019-01-29 09:21:59.942862,0.0,0.0,62,0,
2019-01-29 09:22:59.795554,0.0,0.0,61,0,
2019-01-29 09:23:59.648292,0.0,0.0,61,0,
2019-01-29 09:24:59.499138,0.0,0.0,61,0,
2019-01-29 09:25:59.350211,0.0,0.0,61,0,
2019-01-29 09:26:59.201259,0.0,0.0,61,0,
2019-01-29 09:27:59.052222,0.0,0.0,61,0,
2019-01-29 09:28:59.884288,0.0,0.0,62,0,
2019-01-29 09:29:59.735409,0.0,0.0,61,0,
2019-01-29 09:30:59.586839,0.0,0.0,61,0,
2019-01-29 09:31:59.444073,0.0,0.0,61,0,
2019-01-29 09:32:59.299633,0.0,0.0,61,0,
2019-01-29 09:33:59.153698,0.0,0.0,61,0,
2019-01-29 09:34:59.988079,0.0,0.0,62,0,
2019-01-29 09:35:59.841182,0.0,0.0,61,0,
2019-01-29 09:36:59.694289,0.0,0.0,61,0,
2019-01-29 09:37:59.547733,0.0,0.0,61,0,
2019-01-29 09:38:59.400976,0.0,0.0,61,0,
2019-01-29 09:39:59.253798,0.0,0.0,61,0,
2019-01-29 09:40:59.107781,0.0,0.0,61,0,
2019-01-29 09:41:59.942837,0.0,0.0,62,0,
2019-01-29 09:42:59.796722,0.0,0.0,61,0,
2019-01-29 09:43:59.650091,0.0,0.0,61,0,
2019-01-29 09:44:59.503831,0.0,0.0,61,0,
2019-01-29 09:45:59.357345,0.0,0.0,61,0,
2019-01-29 09:46:59.211233,0.0,0.0,61,0,
2019-01-29 09:47:59.065231,0.0,0.0,61,0,
2019-01-29 09:48:59.899585,0.0,0.0,62,0,
2019-01-29 09:49:59.751860,0.0,0.0,61,0,
2019-01-29 09:50:59.604181,0.0,0.0,61,0,
2019-01-29 09:51:59.457126,0.0,0.0,61,0,
2019-01-29 09:52:59.310528,0.0,0.0,61,0,
2019-01-29 09:53:59.164107,0.0,0.0,61,0,
2019-01-29 09:54:59.999389,0.0,0.0,62,0,
2019-01-29 09:55:59.852576,0.0,0.0,61,0,
2019-01-29 09:56:59.706618,0.0,0.0,61,0,
2019-01-29 09:57:59.560655,0.0,0.0,61,0,
2019-01-29 09:58:59.412595,0.0,0.0,61,0,
2019-01-29 09:59:59.265461,0.0,0.0,61,0,
2019-01-29 10:00:59.117400,0.0,0.0,61,0,
2019-01-29 10:01:59.969541,0.0,0.0,62,0,
2019-01-29 10:02:59.830383,0.0,0.0,61,0,
2019-01-29 10:03:59.682825,0.0,0.0,61,0,
2019-01-29 10:04:59.535408,0.0,0.0,61,0,
2019-01-29 10:05:59.388159,0.0,0.0,61,0,
2019-01-29 10:06:59.240752,0.0,0.0,61,0,
2019-01-29 10:07:59.093233,0.0,0.0,61,0,
2019-01-29 10:08:59.927403,0.0,0.0,62,0,
2019-01-29 10:09:59.780065,0.0,0.0,61,0,
2019-01-29 10:10:59.632831,0.0,0.0,61,0,
2019-01-29 10:11:59.485325,0.0,0.0,61,0,
2019-01-29 10:12:59.336944,0.0,0.0,61,0,
2019-01-29 10:13:59.189742,0.0,0.0,61,0,
2019-01-29 10:14:59.040531,0.0,0.0,61,0,
2019-01-29 10:15:59.873371,0.0,0.0,62,0,
2019-01-29 10:16:59.725678,0.0,0.0,61,0,
2019-01-29 10:17:59.578003,0.0,0.0,61,0,
2019-01-29 10:18:59.435065,0.0,0.0,61,0,
2019-01-29 10:19:59.287868,0.0,0.0,61,0,
2019-01-29 10:20:59.139388,0.0,0.0,61,0,
2019-01-29 10:21:59.972697,0.0,0.0,62,0,
2019-01-29 10:22:59.825159,0.0,0.0,61,0,
2019-01-29 10:23:59.677076,0.0,0.0,61,0,
2019-01-29 10:24:59.529526,0.0,0.0,61,0,
2019-01-29 10:25:59.381611,0.0,0.0,61,0,
2019-01-29 10:26:59.234257,0.0,0.0,61,0,
2019-01-29 10:27:59.085987,0.0,0.0,61,0,
2019-01-29 10:28:59.919110,0.0,0.0,62,0,
2019-01-29 10:29:59.772246,0.0,0.0,61,0,
2019-01-29 10:30:59.623442,0.0,0.0,61,0,
2019-01-29 10:31:59.475400,0.0,0.0,61,0,
2019-01-29 10:32:59.326890,0.0,0.0,61,0,
2019-01-29 10:33:59.178876,0.0,0.0,61,0,
2019-01-29 10:34:59.030459,0.0,0.0,61,0,
2019-01-29 10:35:59.864320,0.0,0.0,62,0,
2019-01-29 10:36:59.716736,0.0,0.0,61,0,
2019-01-29 10:37:59.569838,0.0,0.0,61,0,
2019-01-29 10:38:59.422318,0.0,0.0,61,0,
2019-01-29 10:39:59.273984,0.0,0.0,61,0,
2019-01-29 10:40:59.126841,0.0,0.0,61,0,
2019-01-29 10:41:59.960728,0.0,0.0,62,0,
2019-01-29 10:42:59.812189,0.0,0.0,61,0,
2019-01-29 10:43:59.663758,0.0,0.0,61,0,
2019-01-29 10:44:59.515034,0.0,0.0,61,0,
2019-01-29 10:45:59.366639,0.0,0.0,61,0,
2019-01-29 10:46:59.218065,0.0,0.0,61,0,
2019-01-29 10:47:59.069579,0.0,0.0,61,0,
2019-01-29 10:48:59.904514,0.0,0.0,62,0,
2019-01-29 10:49:59.757129,0.0,0.0,61,0,
2019-01-29 10:50:59.609764,0.0,0.0,61,0,
2019-01-29 10:51:59.461217,0.0,0.0,61,0,
2019-01-29 10:52:59.312637,0.0,0.0,61,0,
2019-01-29 10:53:59.163848,0.0,0.0,61,0,
2019-01-29 10:54:59.996664,0.0,0.0,62,0,
2019-01-29 10:55:59.847744,0.0,0.0,61,0,
2019-01-29 10:56:59.699247,0.0,0.0,61,0,
2019-01-29 10:57:59.550775,0.0,0.0,61,0,
2019-01-29 10:58:59.402246,0.0,0.0,61,0,
2019-01-29 10:59:59.253230,0.0,0.0,61,0,
2019-01-29 11:00:59.104565,0.0,0.0,61,0,
2019-01-29 11:01:59.937394,0.0,0.0,62,0,
2019-01-29 11:02:59.788811,0.0,0.0,61,0,
2019-01-29 11:03:59.640260,0.0,0.0,61,0,
2019-01-29 11:04:59.491626,0.0,0.0,61,0,
2019-01-29 11:05:59.342770,0.0,0.0,61,0,
2019-01-29 11:06:59.193305,0.0,0.0,61,0,
2019-01-29 11:07:59.044777,0.0,0.0,61,0,
2019-01-29 11:08:59.877364,0.0,0.0,62,0,
2019-01-29 11:09:59.728125,0.0,0.0,61,0,
2019-01-29 11:10:59.579711,0.0,0.0,61,0,
2019-01-29 11:11:59.430426,0.0,0.0,61,0,
2019-01-29 11:12:59.282266,0.0,0.0,61,0,
2019-01-29 11:13:59.133755,0.0,0.0,61,0,
2019-01-29 11:14:59.966163,0.0,0.0,62,0,
2019-01-29 11:15:59.817035,0.0,0.0,61,0,
2019-01-29 11:16:59.668014,0.0,0.0,61,0,
2019-01-29 11:17:59.519107,0.0,0.0,61,0,
2019-01-29 11:18:59.370495,0.0,0.0,61,0,
2019-01-29 11:19:59.221543,0.0,0.0,61,0,
2019-01-29 11:20:59.072594,0.0,0.0,61,0,
2019-01-29 11:21:59.905676,0.0,0.0,62,0,
2019-01-29 11:22:59.756953,0.0,0.0,61,0,
2019-01-29 11:23:59.607418,0.0,0.0,61,0,
2019-01-29 11:24:59.459420,0.0,0.0,61,0,
2019-01-29 11:25:59.311849,0.0,0.0,61,0,
2019-01-29 11:26:59.164518,0.0,0.0,61,0,
2019-01-29 11:27:59.998667,0.0,0.0,62,0,
2019-01-29 11:28:59.851901,0.0,0.0,61,0,
2019-01-29 11:29:59.704556,0.0,0.0,61,0,
2019-01-29 11:30:59.557523,0.0,0.0,61,0,
2019-01-29 11:31:59.410038,0.0,0.0,61,0,
2019-01-29 11:32:59.262683,0.0,0.0,61,0,
2019-01-29 11:33:59.114053,0.0,0.0,61,0,
2019-01-29 11:34:59.946969,0.0,0.0,62,0,
2019-01-29 11:35:59.798115,0.0,0.0,61,0,
2019-01-29 11:36:59.649665,0.0,0.0,61,0,
2019-01-29 11:37:59.501096,0.0,0.0,61,0,
2019-01-29 11:38:59.352185,0.0,0.0,61,0,
2019-01-29 11:39:59.203735,0.0,0.0,61,0,
2019-01-29 11:40:59.055718,0.0,0.0,61,0,
2019-01-29 11:41:59.888120,0.0,0.0,62,0,
2019-01-29 11:42:59.739188,0.0,0.0,61,0,
2019-01-29 11:43:59.589847,0.0,0.0,61,0,
2019-01-29 11:44:59.440891,0.0,0.0,61,0,
2019-01-29 11:45:59.291818,0.0,0.0,61,0,
2019-01-29 11:46:59.143017,0.0,0.0,61,0,
2019-01-29 11:47:59.975901,0.0,0.0,62,0,
2019-01-29 11:48:59.827378,0.0,0.0,61,0,
2019-01-29 11:49:59.678628,0.0,0.0,61,0,
2019-01-29 11:50:59.530420,0.0,0.0,61,0,
2019-01-29 11:51:59.382279,0.0,0.0,61,0,
2019-01-29 11:52:59.233718,0.0,0.0,61,0,
2019-01-29 11:53:59.085335,0.0,0.0,61,0,
2019-01-29 11:54:59.918544,0.0,0.0,62,0,
2019-01-29 11:55:59.770399,0.0,0.0,61,0,
2019-01-29 11:56:59.622789,0.0,0.0,61,0,
2019-01-29 11:57:59.475160,0.0,0.0,61,0,
2019-01-29 11:58:59.327401,0.0,0.0,61,0,
2019-01-29 11:59:59.179148,0.0,0.0,61,0,
2019-01-29 12:00:59.031078,0.0,0.0,61,0,
2019-01-29 12:01:59.864668,0.0,0.0,62,0,
2019-01-29 12:02:59.716446,0.0,0.0,61,0,
2019-01-29 12:03:59.568327,0.0,0.0,61,0,
2019-01-29 12:04:59.421065,0.0,0.0,61,0,
2019-01-29 12:05:59.272383,0.0,0.0,61,0,
2019-01-29 12:06:59.124130,0.0,0.0,61,0,
2019-01-29 12:07:59.958260,0.0,0.0,62,0,
2019-01-29 12:08:59.810110,0.0,0.0,61,0,
2019-01-29 12:09:59.662921,0.0,0.0,61,0,
2019-01-29 12:10:59.515419,0.0,0.0,61,0,
2019-01-29 12:11:59.367606,0.0,0.0,61,0,
2019-01-29 12:12:59.220337,0.0,0.0,61,0,
2019-01-29 12:13:59.072506,0.0,0.0,61,0,
2019-01-29 12:14:59.906271,0.0,0.0,62,0,
2019-01-29 12:15:59.758266,0.0,0.0,61,0,
2019-01-29 12:16:59.610829,0.0,0.0,61,0,
2019-01-29 12:17:59.463793,0.0,0.0,61,0,
2019-01-29 12:18:59.316949,0.0,0.0,61,0,
2019-01-29 12:19:59.169857,0.0,0.0,61,0,
2019-01-29 12:20:59.022817,0.0,0.0,61,0,
2019-01-29 12:21:59.856502,0.0,0.0,62,0,
2019-01-29 12:22:59.708957,0.0,0.0,61,0,
2019-01-29 12:23:59.562682,0.0,0.0,61,0,
2019-01-29 12:24:59.416686,0.0,0.0,61,0,
2019-01-29 12:25:59.270670,0.0,0.0,61,0,
2019-01-29 12:26:59.124798,0.0,0.0,61,0,
2019-01-29 12:27:59.960127,0.0,0.0,62,0,
2019-01-29 12:28:59.814189,0.0,0.0,61,0,
2019-01-29 12:29:59.668424,0.0,0.0,61,0,
2019-01-29 12:30:59.520880,0.0,0.0,61,0,
2019-01-29 12:31:59.374954,0.0,0.0,61,0,
2019-01-29 12:32:59.228588,0.0,0.0,61,0,
2019-01-29 12:33:59.082232,0.0,0.0,61,0,
2019-01-29 12:34:59.916666,0.0,0.0,62,0,
2019-01-29 12:35:59.770557,0.0,0.0,61,0,
2019-01-29 12:36:59.624744,0.0,0.0,61,0,
2019-01-29 12:37:59.478581,0.0,0.0,61,0,
2019-01-29 12:38:59.332228,0.0,0.0,61,0,
2019-01-29 12:39:59.185247,0.0,0.0,61,0,
2019-01-29 12:40:59.040720,0.0,0.0,61,0,
2019-01-29 12:41:59.873855,0.0,0.0,62,0,
2019-01-29 12:42:59.726334,0.0,0.0,61,0,
2019-01-29 12:43:59.578947,0.0,0.0,61,0,
2019-01-29 12:44:59.431580,0.0,0.0,61,0,
2019-01-29 12:45:59.283557,0.0,0.0,61,0,
2019-01-29 12:46:59.135704,0.0,0.0,61,0,
2019-01-29 12:47:59.970736,0.0,0.0,62,0,
2019-01-29 12:48:59.823352,0.0,0.0,61,0,
2019-01-29 12:49:59.675719,0.0,0.0,61,0,
2019-01-29 12:50:59.528580,0.0,0.0,61,0,
2019-01-29 12:51:59.381144,0.0,0.0,61,0,
2019-01-29 12:52:59.233454,0.0,0.0,61,0,
2019-01-29 12:53:59.086037,0.0,0.0,61,0,
2019-01-29 12:54:59.920166,0.0,0.0,62,0,
2019-01-29 12:55:59.772304,0.0,0.0,61,0,
2019-01-29 12:56:59.624674,0.0,0.0,61,0,
2019-01-29 12:57:59.477547,0.0,0.0,61,0,
2019-01-29 12:58:59.330407,0.0,0.0,61,0,
2019-01-29 12:59:59.182930,0.0,0.0,61,0,
2019-01-29 13:00:59.035229,0.0,0.0,61,0,
2019-01-29 13:01:59.868844,0.0,0.0,62,0,
2019-01-29 13:02:59.721392,0.0,0.0,61,0,
2019-01-29 13:03:59.574218,0.0,0.0,61,0,
2019-01-29 13:04:59.425700,0.0,0.0,61,0,
2019-01-29 13:05:59.277407,0.0,0.0,61,0,
2019-01-29 13:06:59.128723,0.0,0.0,61,0,
2019-01-29 13:07:59.960886,0.0,0.0,62,0,
2019-01-29 13:08:59.811758,0.0,0.0,61,0,
2019-01-29 13:09:59.662989,0.0,0.0,61,0,
2019-01-29 13:10:59.514693,0.0,0.0,61,0,
2019-01-29 13:11:59.365738,0.0,0.0,61,0,
2019-01-29 13:12:59.217045,0.0,0.0,61,0,
2019-01-29 13:13:59.068106,0.0,0.0,61,0,
2019-01-29 13:14:59.900587,0.0,0.0,62,0,
2019-01-29 13:15:59.752012,0.0,0.0,61,0,
2019-01-29 13:16:59.603568,0.0,0.0,61,0,
2019-01-29 13:17:59.455379,0.0,0.0,61,0,
2019-01-29 13:18:59.306938,0.0,0.0,61,0,
2019-01-29 13:19:59.158240,0.0,0.0,61,0,
2019-01-29 13:20:59.990608,0.0,0.0,62,0,
2019-01-29 13:21:59.841566,0.0,0.0,61,0,
2019-01-29 13:22:59.693552,0.0,0.0,61,0,
2019-01-29 13:23:59.545836,0.0,0.0,61,0,
2019-01-29 13:24:59.399016,0.0,0.0,61,0,
2019-01-29 13:25:59.252273,0.0,0.0,61,0,
2019-01-29 13:26:59.105276,0.0,0.0,61,0,
2019-01-29 13:27:59.939844,0.0,0.0,62,0,
2019-01-29 13:28:59.792364,0.0,0.0,61,0,
2019-01-29 13:29:59.645048,0.0,0.0,61,0,
2019-01-29 13:30:59.496900,0.0,0.0,61,0,
2019-01-29 13:31:59.348795,0.0,0.0,61,0,
2019-01-29 13:32:59.201519,0.0,0.0,61,0,
2019-01-29 13:33:59.054761,0.0,0.0,61,0,
2019-01-29 13:34:59.889152,0.0,0.0,62,0,
2019-01-29 13:35:59.743035,0.0,0.0,61,0,
2019-01-29 13:36:59.596882,0.0,0.0,61,0,
2019-01-29 13:37:59.449986,0.0,0.0,61,0,
2019-01-29 13:38:59.303491,0.0,0.0,61,0,
2019-01-29 13:39:59.157280,0.0,0.0,61,0,
2019-01-29 13:40:59.991613,0.0,0.0,62,0,
2019-01-29 13:41:59.845515,0.0,0.0,61,0,
2019-01-29 13:42:59.698445,0.0,0.0,61,0,
2019-01-29 13:43:59.552411,0.0,0.0,61,0,
2019-01-29 13:44:59.405210,0.0,0.0,61,0,
2019-01-29 13:45:59.258091,0.0,0.0,61,0,
2019-01-29 13:46:59.110084,0.0,0.0,61,0,
2019-01-29 13:47:59.945242,0.0,0.0,62,0,
2019-01-29 13:48:59.797332,0.0,0.0,61,0,
2019-01-29 13:49:59.650297,0.0,0.0,61,0,
2019-01-29 13:50:59.502873,0.0,0.0,61,0,
2019-01-29 13:51:59.356309,0.0,0.0,61,0,
2019-01-29 13:52:59.209595,0.0,0.0,61,0,
2019-01-29 13:53:59.063116,0.0,0.0,61,0,
2019-01-29 13:54:59.897421,0.0,0.0,62,0,
2019-01-29 13:55:59.751002,0.0,0.0,61,0,
2019-01-29 13:56:59.604418,0.0,0.0,61,0,
2019-01-29 13:57:59.458306,0.0,0.0,61,0,
2019-01-29 13:58:59.312491,0.0,0.0,61,0,
2019-01-29 13:59:59.166254,0.0,0.0,61,0,
2019-01-29 14:00:59.020315,0.0,0.0,61,0,
2019-01-29 14:01:59.854362,0.0,0.0,62,0,
2019-01-29 14:02:59.708509,0.0,0.0,61,0,
2019-01-29 14:03:59.562671,0.0,0.0,61,0,
2019-01-29 14:04:59.416576,0.0,0.0,61,0,
2019-01-29 14:05:59.269601,0.0,0.0,61,0,
2019-01-29 14:06:59.122527,0.0,0.0,61,0,
2019-01-29 14:07:59.957927,0.0,0.0,62,0,
2019-01-29 14:08:59.812583,0.0,0.0,61,0,
2019-01-29 14:09:59.666360,0.0,0.0,61,0,
2019-01-29 14:10:59.520079,0.0,0.0,61,0,
2019-01-29 14:11:59.372352,0.0,0.0,61,0,
2019-01-29 14:12:59.225765,0.0,0.0,61,0,
2019-01-29 14:13:59.078870,0.0,0.0,61,0,
2019-01-29 14:14:59.913172,0.0,0.0,62,0,
2019-01-29 14:15:59.766165,0.0,0.0,61,0,
2019-01-29 14:16:59.618960,0.0,0.0,61,0,
2019-01-29 14:17:59.471676,0.0,0.0,61,0,
2019-01-29 14:18:59.325026,0.0,0.0,61,0,
2019-01-29 14:19:59.178862,0.0,0.0,61,0,
2019-01-29 14:20:59.031077,0.0,0.0,61,0,
2019-01-29 14:21:59.865564,0.0,0.0,62,0,
2019-01-29 14:22:59.718715,0.0,0.0,61,0,
2019-01-29 14:23:59.572460,0.0,0.0,61,0,
2019-01-29 14:24:59.425920,0.0,0.0,61,0,
2019-01-29 14:25:59.280210,0.0,0.0,61,0,
2019-01-29 14:26:59.132455,0.0,0.0,61,0,
2019-01-29 14:27:59.967990,0.0,0.0,62,0,
2019-01-29 14:28:59.822538,0.0,0.0,61,0,
2019-01-29 14:29:59.674662,0.0,0.0,61,0,
2019-01-29 14:30:59.526861,0.0,0.0,61,0,
2019-01-29 14:31:59.379187,0.0,0.0,61,0,
2019-01-29 14:32:59.231132,0.0,0.0,61,0,
2019-01-29 14:33:59.085676,0.0,0.0,61,0,
2019-01-29 14:34:59.921206,0.0,0.0,62,0,
2019-01-29 14:35:59.775414,0.0,0.0,61,0,
2019-01-29 14:36:59.630000,0.0,0.0,61,0,
2019-01-29 14:37:59.482650,0.0,0.0,61,0,
2019-01-29 14:38:59.334770,0.0,0.0,61,0,
2019-01-29 14:39:59.187693,0.0,0.0,61,0,
2019-01-29 14:40:59.038096,0.0,0.0,61,0,
2019-01-29 14:41:59.871030,0.0,0.0,62,0,
2019-01-29 14:42:59.723580,0.0,0.0,61,0,
2019-01-29 14:43:59.576905,0.0,0.0,61,0,
2019-01-29 14:44:59.429921,0.0,0.0,61,0,
2019-01-29 14:45:59.282379,0.0,0.0,61,0,
2019-01-29 14:46:59.133588,0.0,0.0,61,0,
2019-01-29 14:47:59.967129,0.0,0.0,62,0,
2019-01-29 14:48:59.819924,0.0,0.0,61,0,
2019-01-29 14:49:59.672085,0.0,0.0,61,0,
2019-01-29 14:50:59.524966,0.0,0.0,61,0,
2019-01-29 14:51:59.378175,0.0,0.0,61,0,
2019-01-29 14:52:59.231493,0.0,0.0,61,0,
2019-01-29 14:53:59.085283,0.0,0.0,61,0,
2019-01-29 14:54:59.920133,0.0,0.0,62,0,
2019-01-29 14:55:59.773939,0.0,0.0,61,0,
2019-01-29 14:56:59.626948,0.0,0.0,61,0,
2019-01-29 14:57:59.479960,0.0,0.0,61,0,
2019-01-29 14:58:59.333472,0.0,0.0,61,0,
2019-01-29 14:59:59.186228,0.0,0.0,61,0,
2019-01-29 15:00:59.040195,0.0,0.0,61,0,
2019-01-29 15:01:59.874932,0.0,0.0,62,0,
2019-01-29 15:02:59.728447,0.0,0.0,61,0,
2019-01-29 15:03:59.581913,0.0,0.0,61,0,
2019-01-29 15:04:59.434393,0.0,0.0,61,0,
2019-01-29 15:05:59.296138,0.0,0.0,61,0,
2019-01-29 15:06:59.149418,0.0,0.0,61,0,
2019-01-29 15:07:59.983703,0.0,0.0,62,0,
2019-01-29 15:08:59.835967,0.0,0.0,61,0,
2019-01-29 15:09:59.688922,0.0,0.0,61,0,
2019-01-29 15:10:59.541206,0.0,0.0,61,0,
2019-01-29 15:11:59.394336,0.0,0.0,61,0,
2019-01-29 15:12:59.247433,0.0,0.0,61,0,
2019-01-29 15:13:59.100536,0.0,0.0,61,0,
2019-01-29 15:14:59.935105,0.0,0.0,62,0,
2019-01-29 15:15:59.788475,0.0,0.0,61,0,
2019-01-29 15:16:59.641688,0.0,0.0,61,0,
2019-01-29 15:17:59.494574,0.0,0.0,61,0,
2019-01-29 15:18:59.348025,0.0,0.0,61,0,
2019-01-29 15:19:59.201732,0.0,0.0,61,0,
2019-01-29 15:20:59.054754,0.0,0.0,61,0,
2019-01-29 15:21:59.889225,0.0,0.0,62,0,
2019-01-29 15:22:59.742005,0.0,0.0,61,0,
2019-01-29 15:23:59.594094,0.0,0.0,61,0,
2019-01-29 15:24:59.447464,0.0,0.0,61,0,
2019-01-29 15:25:59.299389,0.0,0.0,61,0,
2019-01-29 15:26:59.152374,0.0,0.0,61,0,
2019-01-29 15:27:59.986651,0.0,0.0,62,0,
2019-01-29 15:28:59.839626,0.0,0.0,61,0,
2019-01-29 15:29:59.692744,0.0,0.0,61,0,
2019-01-29 15:30:59.545927,0.0,0.0,61,0,
2019-01-29 15:31:59.399093,0.0,0.0,61,0,
2019-01-29 15:32:59.251779,0.0,0.0,61,0,
2019-01-29 15:33:59.105029,0.0,0.0,61,0,
2019-01-29 15:34:59.939877,0.0,0.0,62,0,
2019-01-29 15:35:59.793367,0.0,0.0,61,0,
2019-01-29 15:36:59.646819,0.0,0.0,61,0,
2019-01-29 15:37:59.500315,0.0,0.0,61,0,
2019-01-29 15:38:59.353579,0.0,0.0,61,0,
2019-01-29 15:39:59.206866,0.0,0.0,61,0,
2019-01-29 15:40:59.059916,0.0,0.0,61,0,
2019-01-29 15:41:59.895766,0.0,0.0,62,0,
2019-01-29 15:42:59.751576,0.0,0.0,61,0,
2019-01-29 15:43:59.605804,0.0,0.0,61,0,
2019-01-29 15:44:59.460385,0.0,0.0,61,0,
2019-01-29 15:45:59.314975,0.0,0.0,61,0,
2019-01-29 15:46:59.169169,0.0,0.0,61,0,
2019-01-29 15:47:59.022554,0.0,0.0,61,0,
2019-01-29 15:48:59.856938,0.0,0.0,62,0,
2019-01-29 15:49:59.711064,0.0,0.0,61,0,
2019-01-29 15:50:59.564762,0.0,0.0,61,0,
2019-01-29 15:51:59.418864,0.0,0.0,61,0,
2019-01-29 15:52:59.272604,0.0,0.0,61,0,
2019-01-29 15:53:59.126518,0.0,0.0,61,0,
2019-01-29 15:54:59.962119,0.0,0.0,62,0,
2019-01-29 15:55:59.815484,0.0,0.0,61,0,
2019-01-29 15:56:59.669481,0.0,0.0,61,0,
2019-01-29 15:57:59.523372,0.0,0.0,61,0,
2019-01-29 15:58:59.377179,0.0,0.0,61,0,
2019-01-29 15:59:59.230645,0.0,0.0,61,0,
2019-01-29 16:00:59.083127,0.0,0.0,61,0,
2019-01-29 16:01:59.917406,0.0,0.0,62,0,
2019-01-29 16:02:59.770931,0.0,0.0,61,0,
2019-01-29 16:03:59.624082,0.0,0.0,61,0,
2019-01-29 16:04:59.476691,0.0,0.0,61,0,
2019-01-29 16:05:59.330549,0.0,0.0,61,0,
2019-01-29 16:06:59.183826,0.0,0.0,61,0,
2019-01-29 16:07:59.036321,0.0,0.0,61,0,
2019-01-29 16:08:59.870690,0.0,0.0,62,0,
2019-01-29 16:09:59.723567,0.0,0.0,61,0,
2019-01-29 16:10:59.576722,0.0,0.0,61,0,
2019-01-29 16:11:59.430035,0.0,0.0,61,0,
2019-01-29 16:12:59.283406,0.0,0.0,61,0,
2019-01-29 16:13:59.138222,0.0,0.0,61,0,
2019-01-29 16:14:59.973189,0.0,0.0,62,0,
2019-01-29 16:15:59.826669,0.0,0.0,61,0,
2019-01-29 16:16:59.680157,0.0,0.0,61,0,
2019-01-29 16:17:59.533429,0.0,0.0,61,0,
2019-01-29 16:18:59.386553,0.0,0.0,61,0,
2019-01-29 16:19:59.239312,0.0,0.0,61,0,
2019-01-29 16:20:59.092727,0.0,0.0,61,0,
2019-01-29 16:21:59.927219,0.0,0.0,62,0,
2019-01-29 16:22:59.780362,0.0,0.0,61,0,
2019-01-29 16:23:59.633608,0.0,0.0,61,0,
2019-01-29 16:24:59.486852,0.0,0.0,61,0,
2019-01-29 16:25:59.340431,0.0,0.0,61,0,
2019-01-29 16:26:59.193587,0.0,0.0,61,0,
2019-01-29 16:27:59.046986,0.0,0.0,61,0,
2019-01-29 16:28:59.881596,0.0,0.0,62,0,
2019-01-29 16:29:59.735330,0.0,0.0,61,0,
2019-01-29 16:30:59.587691,0.0,0.0,61,0,
2019-01-29 16:31:59.440983,0.0,0.0,61,0,
2019-01-29 16:32:59.293702,0.0,0.0,61,0,
2019-01-29 16:33:59.147184,0.0,0.0,61,0,
2019-01-29 16:34:59.982021,0.0,0.0,62,0,
2019-01-29 16:35:59.834023,0.0,0.0,61,0,
2019-01-29 16:36:59.686552,0.0,0.0,61,0,
2019-01-29 16:37:59.540691,0.0,0.0,61,0,
2019-01-29 16:38:59.394281,0.0,0.0,61,0,
2019-01-29 16:39:59.247924,0.0,0.0,61,0,
2019-01-29 16:40:59.101849,0.0,0.0,61,0,
2019-01-29 16:41:59.936584,0.0,0.0,62,0,
2019-01-29 16:42:59.790383,0.0,0.0,61,0,
2019-01-29 16:43:59.644832,0.0,0.0,61,0,
2019-01-29 16:44:59.498730,0.0,0.0,61,0,
2019-01-29 16:45:59.352302,0.0,0.0,61,0,
2019-01-29 16:46:59.205753,0.0,0.0,61,0,
2019-01-29 16:47:59.060669,0.0,0.0,61,0,
2019-01-29 16:48:59.896335,0.0,0.0,62,0,
2019-01-29 16:49:59.750420,0.0,0.0,61,0,
2019-01-29 16:50:59.604271,0.0,0.0,61,0,
2019-01-29 16:51:59.456837,0.0,0.0,61,0,
2019-01-29 16:52:59.308607,0.0,0.0,61,0,
2019-01-29 16:53:59.159972,0.0,0.0,61,0,
2019-01-29 16:54:59.993423,0.0,0.0,62,0,
2019-01-29 16:55:59.845614,0.0,0.0,61,0,
2019-01-29 16:56:59.697637,0.0,0.0,61,0,
2019-01-29 16:57:59.549994,0.0,0.0,61,0,
2019-01-29 16:58:59.402415,0.0,0.0,61,0,
2019-01-29 16:59:59.254553,0.0,0.0,61,0,
2019-01-29 17:00:59.106819,0.0,0.0,61,0,
2019-01-29 17:01:59.940641,0.0,0.0,62,0,
2019-01-29 17:02:59.793162,0.0,0.0,61,0,
2019-01-29 17:03:59.645869,0.0,0.0,61,0,
2019-01-29 17:04:59.498777,0.0,0.0,61,0,
2019-01-29 17:05:59.350507,0.0,0.0,61,0,
2019-01-29 17:06:59.202394,0.0,0.0,61,0,
2019-01-29 17:07:59.054569,0.0,0.0,61,0,
2019-01-29 17:08:59.887331,0.0,0.0,62,0,
2019-01-29 17:09:59.740449,0.0,0.0,61,0,
2019-01-29 17:10:59.591539,0.0,0.0,61,0,
2019-01-29 17:11:59.441781,0.0,0.0,61,0,
2019-01-29 17:12:59.292284,0.0,0.0,61,0,
2019-01-29 17:13:59.143514,0.0,0.0,61,0,
2019-01-29 17:14:59.976069,0.0,0.0,62,0,
2019-01-29 17:15:59.827511,0.0,0.0,61,0,
2019-01-29 17:16:59.678012,0.0,0.0,61,0,
2019-01-29 17:17:59.528057,0.0,0.0,61,0,
2019-01-29 17:18:59.378938,0.0,0.0,61,0,
2019-01-29 17:19:59.229761,0.0,0.0,61,0,
2019-01-29 17:20:59.080328,0.0,0.0,61,0,
2019-01-29 17:21:59.911923,0.0,0.0,62,0,
2019-01-29 17:22:59.762666,0.0,0.0,61,0,
2019-01-29 17:23:59.615132,0.0,0.0,61,0,
2019-01-29 17:24:59.467218,0.0,0.0,61,0,
2019-01-29 17:25:59.317931,0.0,0.0,61,0,
2019-01-29 17:26:59.168866,0.0,0.0,61,0,
2019-01-29 17:27:59.020138,0.0,0.0,61,0,
2019-01-29 17:28:59.852001,0.0,0.0,62,0,
2019-01-29 17:29:59.701927,0.0,0.0,61,0,
2019-01-29 17:30:59.552635,0.0,0.0,61,0,
2019-01-29 17:31:59.403698,0.0,0.0,61,0,
2019-01-29 17:32:59.254391,0.0,0.0,61,0,
2019-01-29 17:33:59.105186,0.0,0.0,61,0,
2019-01-29 17:34:59.937607,0.0,0.0,62,0,
2019-01-29 17:35:59.788414,0.0,0.0,61,0,
2019-01-29 17:36:59.639245,0.0,0.0,61,0,
2019-01-29 17:41:59.034519,0.0,0.0,61,0,
2019-01-29 17:42:59.868285,0.0,0.0,62,0,
2019-01-29 17:43:59.720161,0.0,0.0,61,0,
2019-01-29 17:44:59.571609,0.0,0.0,61,0,
2019-01-29 17:45:59.419955,0.0,0.0,61,0,
2019-01-29 17:46:59.269298,0.0,0.0,61,0,
2019-01-29 17:47:59.117886,0.0,0.0,61,0,
2019-01-29 17:48:59.953344,0.0,0.0,62,0,
2019-01-29 17:49:59.806717,0.0,0.0,61,0,
2019-01-29 17:50:59.658783,0.0,0.0,61,0,
2019-01-29 17:51:59.509632,0.0,0.0,61,0,
2019-01-29 17:52:59.359915,0.0,0.0,61,0,
2019-01-29 17:53:59.209992,0.0,0.0,61,0,
2019-01-29 17:54:59.059935,0.0,0.0,61,0,
2019-01-29 17:55:59.891007,0.0,0.0,62,0,
2019-01-29 17:56:59.741928,0.0,0.0,61,0,
2019-01-29 17:57:59.592632,0.0,0.0,61,0,
2019-01-29 17:58:59.443098,0.0,0.0,61,0,
2019-01-29 17:59:59.293051,0.0,0.0,61,0,
2019-01-29 18:00:59.144279,0.0,0.0,61,0,
2019-01-29 18:01:59.976558,0.0,0.0,62,0,
2019-01-29 18:02:59.829032,0.0,0.0,61,0,
2019-01-29 18:03:59.681351,0.0,0.0,61,0,
2019-01-29 18:04:59.531772,0.0,0.0,61,0,
2019-01-29 18:05:59.381590,0.0,0.0,61,0,
2019-01-29 18:06:59.230895,0.0,0.0,61,0,
2019-01-29 18:07:59.080307,0.0,0.0,61,0,
2019-01-29 18:08:59.911376,0.0,0.0,62,0,
2019-01-29 18:09:59.760348,0.0,0.0,61,0,
2019-01-29 18:10:59.610275,0.0,0.0,61,0,
2019-01-29 18:11:59.460134,0.0,0.0,61,0,
2019-01-29 18:12:59.311441,0.0,0.0,61,0,
2019-01-29 18:13:59.162357,0.0,0.0,61,0,
2019-01-29 18:14:59.994362,0.0,0.0,62,0,
2019-01-29 18:15:59.844867,0.0,0.0,61,0,
2019-01-29 18:16:59.695236,0.0,0.0,61,0,
2019-01-29 18:17:59.546631,0.0,0.0,61,0,
2019-01-29 18:18:59.396105,0.0,0.0,61,0,
2019-01-29 18:19:59.245843,0.0,0.0,61,0,
2019-01-29 18:20:59.095696,0.0,0.0,61,0,
2019-01-29 18:21:59.926655,0.0,0.0,62,0,
2019-01-29 18:22:59.776275,0.0,0.0,61,0,
2019-01-29 18:23:59.626364,0.0,0.0,61,0,
2019-01-29 18:24:59.476367,0.0,0.0,61,0,
2019-01-29 18:25:59.327078,0.0,0.0,61,0,
2019-01-29 18:26:59.176574,0.0,0.0,61,0,
2019-01-29 18:27:59.026515,0.0,0.0,61,0,
2019-01-29 18:28:59.858167,0.0,0.0,62,0,
2019-01-29 18:29:59.707178,0.0,0.0,61,0,
2019-01-29 18:30:59.556794,0.0,0.0,61,0,
2019-01-29 18:31:59.406071,0.0,0.0,61,0,
2019-01-29 18:32:59.255809,0.0,0.0,61,0,
2019-01-29 18:33:59.104994,0.0,0.0,61,0,
2019-01-29 18:34:59.935696,0.0,0.0,62,0,
2019-01-29 18:35:59.785404,0.0,0.0,61,0,
2019-01-29 18:36:59.634810,0.0,0.0,61,0,
2019-01-29 18:37:59.484566,0.0,0.0,61,0,
2019-01-29 18:38:59.335994,0.0,0.0,61,0,
2019-01-29 18:39:59.186795,0.0,0.0,61,0,
2019-01-29 18:40:59.037782,0.0,0.0,61,0,
2019-01-29 18:41:59.869786,0.0,0.0,62,0,
2019-01-29 18:42:59.720803,0.0,0.0,61,0,
2019-01-29 18:43:59.571480,0.0,0.0,61,0,
2019-01-29 18:44:59.422438,0.0,0.0,61,0,
2019-01-29 18:45:59.272826,0.0,0.0,61,0,
2019-01-29 18:46:59.123413,0.0,0.0,61,0,
2019-01-29 18:47:59.955331,0.0,0.0,62,0,
2019-01-29 18:48:59.806256,0.0,0.0,61,0,
2019-01-29 18:49:59.656461,0.0,0.0,61,0,
2019-01-29 18:50:59.508104,0.0,0.0,61,0,
2019-01-29 18:51:59.359365,0.0,0.0,61,0,
2019-01-29 18:52:59.210868,0.0,0.0,61,0,
2019-01-29 18:53:59.062386,0.0,0.0,61,0,
2019-01-29 18:54:59.895222,0.0,0.0,62,0,
2019-01-29 18:55:59.746490,0.0,0.0,61,0,
2019-01-29 18:56:59.606517,0.0,0.0,61,0,
2019-01-29 18:57:59.459380,0.0,0.0,61,0,
2019-01-29 18:58:59.312451,0.0,0.0,61,0,
2019-01-29 18:59:59.164909,0.0,0.0,61,0,
2019-01-29 19:00:59.998399,0.0,0.0,62,0,
2019-01-29 19:01:59.851041,0.0,0.0,61,0,
2019-01-29 19:02:59.703714,0.0,0.0,61,0,
2019-01-29 19:03:59.556121,0.0,0.0,61,0,
2019-01-29 19:04:59.409264,0.0,0.0,61,0,
2019-01-29 19:05:59.262182,0.0,0.0,61,0,
2019-01-29 19:06:59.118637,0.0,0.0,61,0,
2019-01-29 19:07:59.952933,0.0,0.0,62,0,
2019-01-29 19:08:59.805331,0.0,0.0,61,0,
2019-01-29 19:09:59.658484,0.0,0.0,61,0,
2019-01-29 19:10:59.511268,0.0,0.0,61,0,
2019-01-29 19:11:59.364295,0.0,0.0,61,0,
2019-01-29 19:12:59.217358,0.0,0.0,61,0,
2019-01-29 19:13:59.067879,0.0,0.0,61,0,
2019-01-29 19:14:59.901411,0.0,0.0,62,0,
2019-01-29 19:15:59.753907,0.0,0.0,61,0,
2019-01-29 19:16:59.606671,0.0,0.0,61,0,
2019-01-29 19:17:59.459527,0.0,0.0,61,0,
2019-01-29 19:18:59.312405,0.0,0.0,61,0,
2019-01-29 19:19:59.165003,0.0,0.0,61,0,
2019-01-29 19:20:59.998861,0.0,0.0,62,0,
2019-01-29 19:21:59.852057,0.0,0.0,61,0,
2019-01-29 19:22:59.705595,0.0,0.0,61,0,
2019-01-29 19:23:59.558334,0.0,0.0,61,0,
2019-01-29 19:24:59.410888,0.0,0.0,61,0,
2019-01-29 19:25:59.261370,0.0,0.0,61,0,
2019-01-29 19:26:59.112436,0.0,0.0,61,0,
2019-01-29 19:27:59.945567,0.0,0.0,62,0,
2019-01-29 19:28:59.798031,0.0,0.0,61,0,
2019-01-29 19:29:59.651476,0.0,0.0,61,0,
2019-01-29 19:30:59.504609,0.0,0.0,61,0,
2019-01-29 19:31:59.357764,0.0,0.0,61,0,
2019-01-29 19:32:59.210418,0.0,0.0,61,0,
2019-01-29 19:33:59.063541,0.0,0.0,61,0,
2019-01-29 19:34:59.897411,0.0,0.0,62,0,
2019-01-29 19:35:59.750863,0.0,0.0,61,0,
2019-01-29 19:36:59.603700,0.0,0.0,61,0,
2019-01-29 19:37:59.456016,0.0,0.0,61,0,
2019-01-29 19:38:59.308538,0.0,0.0,61,0,
2019-01-29 19:39:59.161907,0.0,0.0,61,0,
2019-01-29 19:40:59.992249,0.0,0.0,62,0,
2019-01-29 19:41:59.844281,0.0,0.0,61,0,
2019-01-29 19:42:59.696849,0.0,0.0,61,0,
2019-01-29 19:43:59.549256,0.0,0.0,61,0,
2019-01-29 19:44:59.401698,0.0,0.0,61,0,
2019-01-29 19:45:59.254151,0.0,0.0,61,0,
2019-01-29 19:46:59.104146,0.0,0.0,61,0,
2019-01-29 19:47:59.935317,0.0,0.0,62,0,
2019-01-29 19:48:59.787121,0.0,0.0,61,0,
2019-01-29 19:49:59.637388,0.0,0.0,61,0,
2019-01-29 19:50:59.487667,0.0,0.0,61,0,
2019-01-29 19:51:59.338113,0.0,0.0,61,0,
2019-01-29 19:52:59.187668,0.0,0.0,61,0,
2019-01-29 19:53:59.038144,0.0,0.0,61,0,
2019-01-29 19:54:59.869122,0.0,0.0,62,0,
2019-01-29 19:55:59.720044,0.0,0.0,61,0,
2019-01-29 19:56:59.569617,0.0,0.0,61,0,
2019-01-29 19:57:59.420038,0.0,0.0,61,0,
2019-01-29 19:58:59.269990,0.0,0.0,61,0,
2019-01-29 19:59:59.120181,0.0,0.0,61,0,
2019-01-29 20:00:59.953090,0.0,0.0,62,0,
2019-01-29 20:01:59.803965,0.0,0.0,61,0,
2019-01-29 20:02:59.653935,0.0,0.0,61,0,
2019-01-29 20:03:59.503831,0.0,0.0,61,0,
2019-01-29 20:04:59.353740,0.0,0.0,61,0,
2019-01-29 20:05:59.203684,0.0,0.0,61,0,
2019-01-29 20:06:59.053452,0.0,0.0,61,0,
2019-01-29 20:07:59.884939,0.0,0.0,62,0,
2019-01-29 20:08:59.734734,0.0,0.0,61,0,
2019-01-29 20:09:59.584818,0.0,0.0,61,0,
2019-01-29 20:10:59.434454,0.0,0.0,61,0,
2019-01-29 20:11:59.284217,0.0,0.0,61,0,
2019-01-29 20:12:59.133881,0.0,0.0,61,0,
2019-01-29 20:13:59.965167,0.0,0.0,62,0,
2019-01-29 20:14:59.814967,0.0,0.0,61,0,
2019-01-29 20:15:59.665153,0.0,0.0,61,0,
2019-01-29 20:16:59.515593,0.0,0.0,61,0,
2019-01-29 20:17:59.366989,0.0,0.0,61,0,
2019-01-29 20:18:59.219725,0.0,0.0,61,0,
2019-01-29 20:19:59.071848,0.0,0.0,61,0,
2019-01-29 20:20:59.904080,0.0,0.0,62,0,
2019-01-29 20:21:59.754125,0.0,0.0,61,0,
2019-01-29 20:22:59.603805,0.0,0.0,61,0,
2019-01-29 20:23:59.453521,0.0,0.0,61,0,
2019-01-29 20:24:59.303429,0.0,0.0,61,0,
2019-01-29 20:25:59.155663,0.0,0.0,61,0,
2019-01-29 20:26:59.985643,0.0,0.0,62,0,
2019-01-29 20:27:59.836601,0.0,0.0,61,0,
2019-01-29 20:28:59.690740,0.0,0.0,61,0,
2019-01-29 20:29:59.543234,0.0,0.0,61,0,
2019-01-29 20:30:59.394818,0.0,0.0,61,0,
2019-01-29 20:31:59.246345,0.0,0.0,61,0,
2019-01-29 20:32:59.101017,0.0,0.0,61,0,
2019-01-29 20:33:59.935035,0.0,0.0,62,0,
2019-01-29 20:34:59.800306,0.0,0.0,61,0,
2019-01-29 20:35:59.654111,0.0,0.0,61,0,
2019-01-29 20:36:59.507960,0.0,0.0,61,0,
2019-01-29 20:37:59.362765,0.0,0.0,61,0,
2019-01-29 20:38:59.216634,0.0,0.0,61,0,
2019-01-29 20:39:59.071338,0.0,0.0,61,0,
2019-01-29 20:40:59.907369,0.0,0.0,62,0,
2019-01-29 20:41:59.760643,0.0,0.0,61,0,
2019-01-29 20:42:59.614943,0.0,0.0,61,0,
2019-01-29 20:43:59.469021,0.0,0.0,61,0,
2019-01-29 20:44:59.322443,0.0,0.0,61,0,
2019-01-29 20:45:59.176220,0.0,0.0,61,0,
2019-01-29 20:46:59.029386,0.0,0.0,61,0,
2019-01-29 20:47:59.861244,0.0,0.0,62,0,
2019-01-29 20:48:59.713223,0.0,0.0,61,0,
2019-01-29 20:49:59.565830,0.0,0.0,61,0,
2019-01-29 20:50:59.418452,0.0,0.0,61,0,
2019-01-29 20:51:59.269818,0.0,0.0,61,0,
2019-01-29 20:52:59.121779,0.0,0.0,61,0,
2019-01-29 20:53:59.954075,0.0,0.0,62,0,
2019-01-29 20:54:59.806022,0.0,0.0,61,0,
2019-01-29 20:55:59.658109,0.0,0.0,61,0,
2019-01-29 20:56:59.509321,0.0,0.0,61,0,
2019-01-29 20:57:59.361286,0.0,0.0,61,0,
2019-01-29 20:58:59.213422,0.0,0.0,61,0,
2019-01-29 20:59:59.065538,0.0,0.0,61,0,
2019-01-29 21:00:59.898857,0.0,0.0,62,0,
2019-01-29 21:01:59.750505,0.0,0.0,61,0,
2019-01-29 21:02:59.602908,0.0,0.0,61,0,
2019-01-29 21:03:59.456393,0.0,0.0,61,0,
2019-01-29 21:04:59.309823,0.0,0.0,61,0,
2019-01-29 21:05:59.163262,0.0,0.0,61,0,
2019-01-29 21:06:59.997942,0.0,0.0,62,0,
2019-01-29 21:07:59.851242,0.0,0.0,61,0,
2019-01-29 21:08:59.704593,0.0,0.0,61,0,
2019-01-29 21:09:59.557345,0.0,0.0,61,0,
2019-01-29 21:10:59.410015,0.0,0.0,61,0,
2019-01-29 21:11:59.261107,0.0,0.0,61,0,
2019-01-29 21:12:59.113108,0.0,0.0,61,0,
2019-01-29 21:13:59.946581,0.0,0.0,62,0,
2019-01-29 21:14:59.799251,0.0,0.0,61,0,
2019-01-29 21:15:59.652499,0.0,0.0,61,0,
2019-01-29 21:16:59.505250,0.0,0.0,61,0,
2019-01-29 21:17:59.358721,0.0,0.0,61,0,
2019-01-29 21:18:59.210297,0.0,0.0,61,0,
2019-01-29 21:19:59.063264,0.0,0.0,61,0,
2019-01-29 21:20:59.895883,0.0,0.0,62,0,
2019-01-29 21:21:59.748897,0.0,0.0,61,0,
2019-01-29 21:22:59.600103,0.0,0.0,61,0,
2019-01-29 21:23:59.450237,0.0,0.0,61,0,
2019-01-29 21:24:59.302497,0.0,0.0,61,0,
2019-01-29 21:25:59.154953,0.0,0.0,61,0,
2019-01-29 21:26:59.987380,0.0,0.0,62,0,
2019-01-29 21:27:59.839817,0.0,0.0,61,0,
2019-01-29 21:28:59.691578,0.0,0.0,61,0,
2019-01-29 21:29:59.543945,0.0,0.0,61,0,
2019-01-29 21:30:59.395827,0.0,0.0,61,0,
2019-01-29 21:31:59.247661,0.0,0.0,61,0,
2019-01-29 21:32:59.101179,0.0,0.0,61,0,
2019-01-29 21:33:59.934532,0.0,0.0,62,0,
2019-01-29 21:34:59.786986,0.0,0.0,61,0,
2019-01-29 21:35:59.639595,0.0,0.0,61,0,
2019-01-29 21:36:59.491675,0.0,0.0,61,0,
2019-01-29 21:37:59.343794,0.0,0.0,61,0,
2019-01-29 21:38:59.196662,0.0,0.0,61,0,
2019-01-29 21:39:59.049378,0.0,0.0,61,0,
2019-01-29 21:40:59.882840,0.0,0.0,62,0,
2019-01-29 21:41:59.734848,0.0,0.0,61,0,
2019-01-29 21:42:59.586042,0.0,0.0,61,0,
2019-01-29 21:43:59.437625,0.0,0.0,61,0,
2019-01-29 21:44:59.288773,0.0,0.0,61,0,
2019-01-29 21:45:59.139870,0.0,0.0,61,0,
2019-01-29 21:46:59.972681,0.0,0.0,62,0,
2019-01-29 21:47:59.823287,0.0,0.0,61,0,
2019-01-29 21:48:59.674574,0.0,0.0,61,0,
2019-01-29 21:49:59.525825,0.0,0.0,61,0,
2019-01-29 21:50:59.378441,0.0,0.0,61,0,
2019-01-29 21:51:59.230411,0.0,0.0,61,0,
2019-01-29 21:52:59.081316,0.0,0.0,61,0,
2019-01-29 21:53:59.915757,0.0,0.0,62,0,
2019-01-29 21:54:59.766799,0.0,0.0,61,0,
2019-01-29 21:55:59.617441,0.0,0.0,61,0,
2019-01-29 21:56:59.468098,0.0,0.0,61,0,
2019-01-29 21:57:59.318582,0.0,0.0,61,0,
2019-01-29 21:58:59.168760,0.0,0.0,61,0,
2019-01-29 21:59:59.019215,0.0,0.0,61,0,
2019-01-29 22:00:59.850097,0.0,0.0,62,0,
2019-01-29 22:01:59.700175,0.0,0.0,61,0,
2019-01-29 22:02:59.550670,0.0,0.0,61,0,
2019-01-29 22:03:59.401343,0.0,0.0,61,0,
2019-01-29 22:04:59.251892,0.0,0.0,61,0,
2019-01-29 22:05:59.102692,0.0,0.0,61,0,
2019-01-29 22:06:59.934392,0.0,0.0,62,0,
2019-01-29 22:07:59.785328,0.0,0.0,61,0,
2019-01-29 22:08:59.636122,0.0,0.0,61,0,
2019-01-29 22:09:59.487659,0.0,0.0,61,0,
2019-01-29 22:10:59.338894,0.0,0.0,61,0,
2019-01-29 22:11:59.191898,0.0,0.0,61,0,
2019-01-29 22:12:59.042209,0.0,0.0,61,0,
2019-01-29 22:13:59.872479,0.0,0.0,62,0,
2019-01-29 22:14:59.722447,0.0,0.0,61,0,
2019-01-29 22:15:59.572444,0.0,0.0,61,0,
2019-01-29 22:16:59.422101,0.0,0.0,61,0,
2019-01-29 22:17:59.271742,0.0,0.0,61,0,
2019-01-29 22:18:59.121704,0.0,0.0,61,0,
2019-01-29 22:19:59.952874,0.0,0.0,62,0,
2019-01-29 22:20:59.802805,0.0,0.0,61,0,
2019-01-29 22:21:59.652722,0.0,0.0,61,0,
2019-01-29 22:22:59.503174,0.0,0.0,61,0,
2019-01-29 22:23:59.355879,0.0,0.0,61,0,
2019-01-29 22:24:59.209349,0.0,0.0,61,0,
2019-01-29 22:25:59.062582,0.0,0.0,61,0,
2019-01-29 22:26:59.895841,0.0,0.0,62,0,
2019-01-29 22:27:59.747374,0.0,0.0,61,0,
2019-01-29 22:28:59.598794,0.0,0.0,61,0,
2019-01-29 22:29:59.450628,0.0,0.0,61,0,
2019-01-29 22:30:59.302229,0.0,0.0,61,0,
2019-01-29 22:31:59.153883,0.0,0.0,61,0,
2019-01-29 22:32:59.986292,0.0,0.0,62,0,
2019-01-29 22:33:59.838965,0.0,0.0,61,0,
2019-01-29 22:34:59.690928,0.0,0.0,61,0,
2019-01-29 22:35:59.542447,0.0,0.0,61,0,
2019-01-29 22:36:59.393765,0.0,0.0,61,0,
2019-01-29 22:37:59.244532,0.0,0.0,61,0,
2019-01-29 22:38:59.094853,0.0,0.0,61,0,
2019-01-29 22:39:59.925834,0.0,0.0,62,0,
2019-01-29 22:40:59.775491,0.0,0.0,61,0,
2019-01-29 22:41:59.626312,0.0,0.0,61,0,
2019-01-29 22:42:59.475546,0.0,0.0,61,0,
2019-01-29 22:43:59.325665,0.0,0.0,61,0,
2019-01-29 22:44:59.175958,0.0,0.0,61,0,
2019-01-29 22:45:59.026875,0.0,0.0,61,0,
2019-01-29 22:46:59.857789,0.0,0.0,62,0,
2019-01-29 22:47:59.707089,0.0,0.0,61,0,
2019-01-29 22:48:59.556364,0.0,0.0,61,0,
2019-01-29 22:49:59.405666,0.0,0.0,61,0,
2019-01-29 22:50:59.255208,0.0,0.0,61,0,
2019-01-29 22:51:59.104872,0.0,0.0,61,0,
2019-01-29 22:52:59.935849,0.0,0.0,62,0,
2019-01-29 22:53:59.785628,0.0,0.0,61,0,
2019-01-29 22:54:59.635589,0.0,0.0,61,0,
2019-01-29 22:55:59.485678,0.0,0.0,61,0,
2019-01-29 22:56:59.335557,0.0,0.0,61,0,
2019-01-29 22:57:59.187044,0.0,0.0,61,0,
2019-01-29 22:58:59.039034,0.0,0.0,61,0,
2019-01-29 22:59:59.871328,0.0,0.0,62,0,
2019-01-29 23:00:59.720843,0.0,0.0,61,0,
2019-01-29 23:01:59.570591,0.0,0.0,61,0,
2019-01-29 23:02:59.421017,0.0,0.0,61,0,
2019-01-29 23:03:59.273210,0.0,0.0,61,0,
2019-01-29 23:04:59.124177,0.0,0.0,61,0,
2019-01-29 23:05:59.956914,0.0,0.0,62,0,
2019-01-29 23:06:59.808136,0.0,0.0,61,0,
2019-01-29 23:07:59.660462,0.0,0.0,61,0,
2019-01-29 23:08:59.510691,0.0,0.0,61,0,
2019-01-29 23:09:59.360780,0.0,0.0,61,0,
2019-01-29 23:10:59.211195,0.0,0.0,61,0,
2019-01-29 23:11:59.061171,0.0,0.0,61,0,
2019-01-29 23:12:59.892652,0.0,0.0,62,0,
2019-01-29 23:13:59.743267,0.0,0.0,61,0,
2019-01-29 23:14:59.593589,0.0,0.0,61,0,
2019-01-29 23:15:59.443660,0.0,0.0,61,0,
2019-01-29 23:16:59.293659,0.0,0.0,61,0,
2019-01-29 23:17:59.144586,0.0,0.0,61,0,
2019-01-29 23:18:59.975880,0.0,0.0,62,0,
2019-01-29 23:19:59.825962,0.0,0.0,61,0,
2019-01-29 23:20:59.676609,0.0,0.0,61,0,
2019-01-29 23:21:59.526858,0.0,0.0,61,0,
2019-01-29 23:22:59.377225,0.0,0.0,61,0,
2019-01-29 23:23:59.227328,0.0,0.0,61,0,
2019-01-29 23:24:59.077275,0.0,0.0,61,0,
2019-01-29 23:25:59.911953,0.0,0.0,62,0,
2019-01-29 23:26:59.761882,0.0,0.0,61,0,
2019-01-29 23:27:59.612008,0.0,0.0,61,0,
2019-01-29 23:28:59.462034,0.0,0.0,61,0,
2019-01-29 23:29:59.311947,0.0,0.0,61,0,
2019-01-29 23:30:59.161087,0.0,0.0,61,0,
2019-01-29 23:31:59.992386,0.0,0.0,62,0,
2019-01-29 23:32:59.843153,0.0,0.0,61,0,
2019-01-29 23:33:59.693098,0.0,0.0,61,0,
2019-01-29 23:34:59.543294,0.0,0.0,61,0,
2019-01-29 23:35:59.399276,0.0,0.0,61,0,
2019-01-29 23:36:59.248822,0.0,0.0,61,0,
2019-01-29 23:37:59.099570,0.0,0.0,61,0,
2019-01-29 23:38:59.930521,0.0,0.0,62,0,
2019-01-29 23:39:59.781152,0.0,0.0,61,0,
2019-01-29 23:40:59.630119,0.0,0.0,61,0,
2019-01-29 23:41:59.479323,0.0,0.0,61,0,
2019-01-29 23:42:59.329477,0.0,0.0,61,0,
2019-01-29 23:43:59.179579,0.0,0.0,61,0,
2019-01-29 23:44:59.029636,0.0,0.0,61,0,
2019-01-29 23:45:59.860639,0.0,0.0,62,0,
2019-01-29 23:46:59.710810,0.0,0.0,61,0,
2019-01-29 23:47:59.561029,0.0,0.0,61,0,
2019-01-29 23:48:59.411507,0.0,0.0,61,0,
2019-01-29 23:49:59.261839,0.0,0.0,61,0,
2019-01-29 23:50:59.111769,0.0,0.0,61,0,
2019-01-29 23:51:59.943050,0.0,0.0,62,0,
2019-01-29 23:52:59.793415,0.0,0.0,61,0,
2019-01-29 23:53:59.643590,0.0,0.0,61,0,
2019-01-29 23:54:59.493980,0.0,0.0,61,0,
2019-01-29 23:55:59.345035,0.0,0.0,61,0,
2019-01-29 23:56:59.196232,0.0,0.0,61,0,
2019-01-29 23:57:59.045615,0.0,0.0,61,0,
2019-01-29 23:58:59.877226,0.0,0.0,62,0,
2019-01-29 23:59:59.726597,0.0,0.0,61,0,
